receptor,mutant,metric,value
ccr3,WT,Emax,1.206
ccr3,R7I,Emax,1.535
ccr3,K10T,Emax,1.307
ccr3,L13F,Emax,1.09
ccr3,R7I_K10T_L13F,Emax,1.646
ccr3,WT,EC50,1.35E-09
ccr3,R7I,EC50,3.80E-10
ccr3,K10T,EC50,5.84E-10
ccr3,L13F,EC50,5.34E-10
ccr3,R7I_K10T_L13F,EC50,1.11E-09
ccr5,WT,Emin,-0.1273
ccr5,R7I,Emin,10.2
ccr5,K10T,Emin,1.353
ccr5,L13F,Emin,-0.7519
ccr5,R7I_K10T_L13F,Emin,36.07
ccr5,WT,EC50,1.165E-08
ccr5,R7I,EC50,7.435E-09
ccr5,K10T,EC50,1.387E-08
ccr5,L13F,EC50,5.844E-09
ccr5,R7I_K10T_L13F,EC50,1.786E-09
cxcr4,WT,Emin,-18.39
cxcr4,R7I,Emin,-33.26
cxcr4,K10T,Emin,-15.35
cxcr4,L13F,Emin,-27.51
cxcr4,R7I_K10T_L13F,Emin,-39.04
cxcr4,WT,EC50,9.34E-09
cxcr4,R7I,EC50,7.43E-08
cxcr4,K10T,EC50,7.25E-09
cxcr4,L13F,EC50,4.47E-08
cxcr4,R7I_K10T_L13F,EC50,1.24E-07