5wb2,5wb2,4xt1,4xt1,4xt1,4xt1
,,ASP,1,NT,NT
,,TYR,2,NT,NT
1,ASP,ASP,3,NT,NT
2,GLU,GLU,4,NT,NT
3,ASP,ASP,5,NT,NT
4,ALA,ALA,6,NT,NT
5,THR,THR,7,NT,NT
6,PRO,PRO,8,NT,NT
7,CYS,CYS,9,NT,NT
8,VAL,VAL,10,NT,NT
9,PHE,PHE,11,1x24,1x24
10,THR,THR,12,1x25,1x25
11,ASP,ASP,13,1x26,1x26
12,VAL,VAL,14,1x27,1x27
13,LEU,LEU,15,1x28,1x28
14,ASN,ASN,16,1x29,1x29
15,GLN,GLN,17,1x30,1x30
16,SER,SER,18,1x31,1x31
17,LYS,LYS,19,1x32,1x32
18,PRO,PRO,20,1x33,1x33
19,VAL,VAL,21,1x34,1x34
20,THR,THR,22,1x35,1x35
21,LEU,LEU,23,1x36,1x36
22,PHE,PHE,24,1x37,1x37
23,LEU,LEU,25,1x38,1x38
24,TYR,TYR,26,1x39,1x39
25,GLY,GLY,27,1x40,1x40
26,VAL,VAL,28,1x41,1x41
27,VAL,VAL,29,1x42,1x42
28,PHE,PHE,30,1x43,1x43
29,LEU,LEU,31,1x44,1x44
30,PHE,PHE,32,1x45,1x45
31,GLY,GLY,33,1x46,1x46
32,SER,SER,34,1x47,1x47
33,ILE,ILE,35,1x48,1x48
34,GLY,GLY,36,1x49,1x49
35,ASN,ASN,37,1x50,1x50
36,PHE,PHE,38,1x51,1x51
37,LEU,LEU,39,1x52,1x52
38,VAL,VAL,40,1x53,1x53
39,ILE,ILE,41,1x54,1x54
40,PHE,PHE,42,1x55,1x55
41,THR,THR,43,1x56,1x56
42,ILE,ILE,44,1x57,1x57
43,THR,THR,45,1x58,1x58
44,TRP,TRP,46,1x59,1x59
45,ARG,ARG,47,1x60,1x60
46,ARG,ARG,48,12x48,12x48
47,ARG,ARG,49,12x49,12x49
48,ILE,ILE,50,12x50,12x50
49,GLN,GLN,51,12x51,12x51
50,YCM,CYS,52,2x37,2x37
51,SER,SER,53,2x38,2x38
52,GLY,GLY,54,2x39,2x39
53,ASP,ASP,55,2x40,2x40
54,VAL,VAL,56,2x41,2x41
55,TYR,TYR,57,2x42,2x42
56,PHE,PHE,58,2x43,2x43
57,ILE,ILE,59,2x44,2x44
58,ASN,ASN,60,2x45,2x45
59,LEU,LEU,61,2x46,2x46
60,ALA,ALA,62,2x47,2x47
61,ALA,ALA,63,2x48,2x48
62,ALA,ALA,64,2x49,2x49
63,ASP,ASP,65,2x50,2x50
64,LEU,LEU,66,2x51,2x51
65,LEU,LEU,67,2x52,2x52
66,PHE,PHE,68,2x53,2x53
67,VAL,VAL,69,2x54,2x54
68,CYS,CYS,70,2x55,2x55
69,THR,THR,71,2x56,2x56
70,LEU,LEU,72,2x57,2x57
71,PRO,PRO,73,2x58,2x58
72,LEU,LEU,74,2x59,2x59
73,TRP,TRP,75,2x60,2x60
74,MET,MET,76,2x61,2x61
75,GLN,GLN,77,2x62,2x62
76,TYR,TYR,78,2x63,2x63
77,LEU,LEU,79,2x64,2x64
78,LEU,LEU,80,2x65,2x65
79,ASP,ASP,81,2x66,2x66
80,HIS,,,ECL1,3x22
81,ASN,,,ECL1,3x23
82,SER,,,ECL1,3x24
83,LEU,,,ECL1,3x25
84,ALA,,,3x21,3x26
85,SER,SER,82,3x22,3x27
86,VAL,VAL,83,3x23,3x28
87,PRO,PRO,84,3x24,3x29
88,CYS,CYS,85,3x25,3x30
89,THR,THR,86,3x26,3x31
90,LEU,LEU,87,3x27,3x32
91,LEU,LEU,88,3x28,3x33
92,THR,THR,89,3x29,3x34
93,ALA,ALA,90,3x30,3x35
94,CYS,CYS,91,3x31,3x36
95,PHE,PHE,92,3x32,3x37
96,TYR,TYR,93,3x33,3x38
97,VAL,VAL,94,3x34,3x39
98,ALA,ALA,95,3x35,3x40
99,MET,MET,96,3x36,3x41
100,PHE,PHE,97,3x37,3x42
101,ALA,ALA,98,3x38,3x43
102,SER,SER,99,3x39,3x44
103,LEU,LEU,100,3x40,3x45
104,CYS,CYS,101,3x41,3x46
105,PHE,PHE,102,3x42,3x47
106,ILE,ILE,103,3x43,3x48
107,THR,THR,104,3x44,3x49
108,GLU,GLU,105,3x45,3x50
109,ILE,ILE,106,3x46,3x51
110,ALA,ALA,107,3x47,3x52
111,LEU,LEU,108,3x48,3x53
112,ASP,ASP,109,3x49,3x54
113,ARG,ARG,110,3x50,3x55
114,TYR,TYR,111,3x51,ICL2
115,TYR,TYR,112,3x52,ICL2
116,ALA,ALA,113,3x53,ICL2
117,ILE,ILE,114,3x54,ICL2
118,VAL,VAL,115,3x55,ICL2
119,TYR,TYR,116,ICL2,4x38
120,MET,MET,117,ICL2,4x39
121,ARG,ARG,118,ICL2,4x40
122,TYR,TYR,119,ICL2,4x41
123,ARG,ARG,120,ICL2,4x42
124,PRO,PRO,121,4x38,4x43
125,VAL,VAL,122,4x39,4x44
126,LYS,LYS,123,4x40,4x45
127,GLN,GLN,124,4x41,4x46
128,ALA,ALA,125,4x42,4x47
129,CYS,CYS,126,4x43,4x48
130,LEU,LEU,127,4x44,4x49
131,PHE,PHE,128,4x45,4x50
132,SER,SER,129,4x46,4x51
133,ILE,ILE,130,4x47,4x52
134,PHE,PHE,131,4x48,4x53
135,TRP,TRP,132,4x49,4x54
136,TRP,TRP,133,4x50,4x55
137,ILE,ILE,134,4x51,4x56
138,PHE,PHE,135,4x52,4x57
139,ALA,ALA,136,4x53,4x59
140,VAL,VAL,137,4x54,4x60
141,ILE,ILE,138,4x55,4x61
142,ILE,ILE,139,4x56,4x62
143,ALA,ALA,140,4x57,4x63
144,ILE,ILE,141,4x59,ECL2
145,PRO,PRO,142,4x60,ECL2
146,HIS,HIS,143,4x61,ECL2
147,PHE,PHE,144,4x62,ECL2
148,MET,MET,145,4x63,ECL2
149,VAL,VAL,146,ECL2,ECL2
150,VAL,VAL,147,ECL2,ECL2
151,THR,THR,148,ECL2,ECL2
152,LYS,LYS,149,ECL2,45x50
153,LYS,LYS,150,ECL2,45x51
154,ASP,ASP,151,ECL2,45x52
155,ASN,ASN,152,ECL2,ECL2
156,GLN,GLN,153,ECL2,ECL2
157,CYS,CYS,154,45x50,ECL2
158,MET,MET,155,45x51,ECL2
159,THR,THR,156,45x52,ECL2
160,ASP,ASP,157,ECL2,ECL2
161,TYR,TYR,158,ECL2,ECL2
162,ASP,ASP,159,ECL2,5x34
163,TYR,TYR,160,ECL2,5x35
164,LEU,LEU,161,ECL2,5x36
165,GLU,GLU,162,ECL2,5x37
166,VAL,VAL,163,ECL2,5x38
167,SER,SER,164,5x34,5x39
168,TYR,TYR,165,5x35,5x40
169,PRO,PRO,166,5x36,5x41
170,ILE,ILE,167,5x37,5x42
171,ILE,ILE,168,5x38,5x43
172,LEU,LEU,169,5x39,5x44
173,ASN,ASN,170,5x40,5x45
174,VAL,VAL,171,5x41,5x46
175,GLU,GLU,172,5x42,5x461
176,LEU,LEU,173,5x43,5x47
177,MET,MET,174,5x44,5x48
178,LEU,LEU,175,5x45,5x49
179,GLY,GLY,176,5x46,5x50
180,ALA,ALA,177,5x461,5x51
181,PHE,PHE,178,5x47,5x52
182,VAL,VAL,179,5x48,5x53
183,ILE,ILE,180,5x49,5x54
184,PRO,PRO,181,5x50,5x55
185,LEU,LEU,182,5x51,5x56
186,SER,SER,183,5x52,5x57
187,VAL,VAL,184,5x53,5x58
188,ILE,ILE,185,5x54,5x59
189,SER,SER,186,5x55,5x60
190,TYR,TYR,187,5x56,5x61
191,CYS,CYS,188,5x57,5x62
192,TYR,TYR,189,5x58,5x63
193,TYR,TYR,190,5x59,5x64
194,ARG,ARG,191,5x60,5x65
195,ILE,ILE,192,5x61,5x66
196,SER,SER,193,5x62,5x67
197,ARG,ARG,194,5x63,5x68
198,ILE,ILE,195,5x64,ICL3
199,VAL,VAL,196,5x65,ICL3
200,ALA,ALA,197,5x66,ICL3
201,VAL,VAL,198,5x67,6x29
202,SER,SER,199,5x68,6x30
203,GLN,GLN,200,ICL3,6x31
204,SER,SER,201,ICL3,6x32
205,ARG,ARG,202,ICL3,6x33
206,HIS,HIS,203,6x29,6x34
207,LYS,LYS,204,6x30,6x35
208,GLY,GLY,205,6x31,6x36
209,ARG,ARG,206,6x32,6x37
210,ILE,ILE,207,6x33,6x38
211,VAL,VAL,208,6x34,6x39
212,ARG,ARG,209,6x35,6x40
213,VAL,VAL,210,6x36,6x41
214,LEU,LEU,211,6x37,6x42
215,ILE,ILE,212,6x38,6x43
216,ALA,ALA,213,6x39,6x44
217,VAL,VAL,214,6x40,6x45
218,VAL,VAL,215,6x41,6x46
219,LEU,LEU,216,6x42,6x47
220,VAL,VAL,217,6x43,6x48
221,PHE,PHE,218,6x44,6x49
222,ILE,ILE,219,6x45,6x50
223,ILE,ILE,220,6x46,6x51
224,PHE,PHE,221,6x47,6x52
225,TRP,TRP,222,6x48,6x53
226,LEU,LEU,223,6x49,6x54
227,PRO,PRO,224,6x50,6x55
228,TYR,TYR,225,6x51,6x56
229,HIS,HIS,226,6x52,6x57
230,LEU,LEU,227,6x53,6x58
231,THR,THR,228,6x54,6x59
232,LEU,LEU,229,6x55,6x60
233,PHE,PHE,230,6x56,6x61
234,VAL,VAL,231,6x57,6x62
235,ASP,ASP,232,6x58,6x63
236,THR,THR,233,6x59,6x64
237,LEU,LEU,234,6x60,ICL3
238,LYS,LYS,235,6x61,ICL3
239,LEU,LEU,236,6x62,ICL3
240,LEU,LEU,237,6x63,ICL3
241,LYS,LYS,238,6x64,7x23
242,TRP,TRP,239,ICL3,7x24
243,ILE,ILE,240,ICL3,7x25
244,SER,SER,241,ICL3,7x26
245,SER,SER,242,ICL3,7x27
246,SER,SER,243,7x23,7x28
247,CYS,CYS,244,7x24,7x29
248,GLU,GLU,245,7x25,7x30
249,PHE,PHE,246,7x26,7x31
250,GLU,GLU,247,7x27,7x32
251,ARG,ARG,248,7x28,7x33
252,SER,SER,249,7x29,7x34
253,LEU,LEU,250,7x30,7x35
254,LYS,LYS,251,7x31,7x36
255,ARG,ARG,252,7x32,7x37
256,ALA,ALA,253,7x33,7x38
257,LEU,LEU,254,7x34,7x39
258,ILE,ILE,255,7x35,7x40
259,LEU,LEU,256,7x36,7x41
260,THR,THR,257,7x37,7x42
261,GLU,GLU,258,7x38,7x43
262,SER,SER,259,7x39,7x45
263,LEU,LEU,260,7x40,7x46
264,ALA,ALA,261,7x41,7x47
265,PHE,PHE,262,7x42,7x48
266,CYS,CYS,263,7x43,7x49
267,HIS,HIS,264,7x45,7x50
268,CYS,CYS,265,7x46,7x51
269,CYS,CYS,266,7x47,7x52
270,LEU,LEU,267,7x48,7x53
271,ASN,ASN,268,7x49,7x54
272,PRO,PRO,269,7x50,7x55
273,LEU,LEU,270,7x51,7x56
274,LEU,LEU,271,7x52,8x47
275,TYR,TYR,272,7x53,8x48
276,VAL,VAL,273,7x54,8x49
277,PHE,PHE,274,7x55,8x50
278,VAL,VAL,275,7x56,8x51
279,GLY,GLY,276,8x47,8x52
280,THR,THR,277,8x48,8x53
281,LYS,LYS,278,8x49,8x54
282,PHE,PHE,279,8x50,8x55
283,ARG,ARG,280,8x51,8x56
284,GLN,GLN,281,8x52,8x57
285,GLU,GLU,282,8x53,8x58
286,LEU,LEU,283,8x54,8x59
287,HIS,HIS,284,8x55,8x60
288,YCM,CYS,285,8x56,8x61
289,LEU,LEU,286,8x57,8x62
290,LEU,LEU,287,8x58,
291,ALA,ALA,288,8x59,
292,GLU,GLU,289,8x60,
,,PHE,290,8x61,
,,ARG,291,8x62,