resno,gn,rf
1,NTc.Cm8,8.699999654833071
2,NTc.Cm7,7.622146977794037
3,NTc.Cm6,6.078623159943648
4,NTc.Cm5,5.510642120618479
5,NTc.Cm4,4.426551277861727
6,NTc.Cm3,3.020064596374953
7,NTc.Cm2,2.7349553834763354
8,NTc.Cm1,2.9590149622472945
9,CX.1,2.454627564976242
10,CX.4,2.172467217481428
11,CX.5,2.025880626506396
12,cxb1.1,2.499111839369737
13,cxb1.2,2.143318111332378
14,cxb1.5,1.4707811053044078
15,cxb1.6,1.3851598979161057
16,cxb1.8,1.4261687533206713
17,cxb1.10,1.405729635291266
18,cxb1.11,1.0095078423737796
19,cxb1.14,1.2498937105489987
20,cxb1.15,1.1792313110067953
21,cxb1.16,1.535665440784392
22,B1.1,1.3030713925102662
23,B1.2,0.8961633689227093
24,B1.3,1.18838005266878
25,B1.4,0.9665676281028399
26,B1.5,0.6617091090164758
27,B1.6,0.921774405063219
28,B1.7,0.9983387334598397
29,b1b2.4,1.3597533003591586
30,b1b2.7,1.5333507089746206
31,b1b2.8,1.9481291216314736
32,b1b2.9,2.4582270606652887
33,b1b2.10,2.710503498616709
34,b1b2.12,2.264710567163192
35,b1b2.14,1.9032959959949554
36,b1b2.16,1.4384786374688936
37,B2.1,1.361456054720829
38,B2.2,0.9037153045662936
39,B2.3,1.0088169886349738
40,B2.4,0.8066370714207006
41,B2.5,1.0629304872122591
42,B2.6,1.1887604241900493
43,b2b3.2,1.4472097649060338
44,b2b3.3,1.788415966044098
45,b2b3.4,1.7616004901538624
46,b2b3.11,1.5940891979536929
47,b2b3.12,1.6153413812719044
48,B3.1,1.3873323958527037
49,B3.2,1.363016675833138
50,B3.3,1.2309284639352345
51,B3.4,0.8721977756446857
52,b3h.1,0.9585424377220709
53,b3h.2,0.838573123278412
54,b3h.3,0.9954734219539244
55,b3h.4,0.8538235989935947
56,H.1,1.1577284023012544
57,H.2,1.065284337306302
58,H.3,0.6958399676817617
59,H.4,1.0608642101337868
60,H.5,1.3259621829170762
61,H.6,0.9822171269801886
62,H.7,1.0417617650148665
63,H.8,1.5569791609064352
64,H.9,1.6495374385625652
65,H.10,1.4108872859492565
66,CT,1.7714963418089782
67,CT,2.1995875399338316
68,CT,2.2966926440372957
