gn,resno
NTc.Cm8,1
NTc.Cm7,2
NTc.Cm6,3
NTc.Cm5,4
NTc.Cm4,5
NTc.Cm3,6
NTc.Cm2,7
NTc.Cm1,8
CX.1,9
CX.4,10
CX.5,11
cxb1.1,12
cxb1.2,13
cxb1.5,14
cxb1.6,15
cxb1.8,16
cxb1.10,17
cxb1.11,18
cxb1.14,19
cxb1.15,20
cxb1.16,21
B1.1,22
B1.2,23
B1.3,24
B1.4,25
B1.5,26
B1.6,27
B1.7,28
b1b2.4,29
b1b2.7,30
b1b2.8,31
b1b2.9,32
b1b2.10,33
b1b2.12,34
b1b2.14,35
b1b2.16,36
B2.1,37
B2.2,38
B2.3,39
B2.4,40
B2.5,41
B2.6,42
b2b3.2,43
b2b3.3,44
b2b3.4,45
b2b3.11,46
b2b3.12,47
B3.1,48
B3.2,49
B3.3,50
B3.4,51
b3h.1,52
b3h.2,53
b3h.3,54
b3h.4,55
H.1,56
H.2,57
H.3,58
H.4,59
H.5,60
H.6,61
H.7,62
H.8,63
H.9,64
H.10,65
CT,66
CT,67
CT,68