protein,motif,gn
CCR1,KTQ,gnECL2.1
CCR1,KTQ,gnECL2.2
CCR1,KTQ,gnECL2.3
CCR1,TQW,gnECL2.2
CCR1,TQW,gnECL2.3
CCR1,TQW,gnECL2.4
CCR1,QWE,gnECL2.3
CCR1,QWE,gnECL2.4
CCR1,QWE,gnECL2.5
CCR1,WEF,gnECL2.4
CCR1,WEF,gnECL2.5
CCR1,WEF,gnECL2.6
CCR1,EFT,gnECL2.5
CCR1,EFT,gnECL2.6
CCR1,EFT,gnECL2.7
CCR1,FTH,gnECL2.6
CCR1,FTH,gnECL2.7
CCR1,FTH,gnECL2.8
CCR1,THH,gnECL2.7
CCR1,THH,gnECL2.8
CCR1,THH,gnECL2.9
CCR1,HHT,gnECL2.8
CCR1,HHT,gnECL2.9
CCR1,HHT,gnECL2.10
CCR1,HFP,gnECL2.Cp3
CCR1,HFP,gnECL2.Cp4
CCR1,HFP,gnECL2.Cp5
CCR1,FPH,gnECL2.Cp4
CCR1,FPH,gnECL2.Cp5
CCR1,FPH,gnECL2.Cp6
CCR1,PHE,gnECL2.Cp5
CCR1,PHE,gnECL2.Cp6
CCR1,PHE,gnECL2.Cp7
CCR2,KCQ,gnECL2.1
CCR2,KCQ,gnECL2.2
CCR2,KCQ,gnECL2.3
CCR2,CQK,gnECL2.2
CCR2,CQK,gnECL2.3
CCR2,CQK,gnECL2.4
CCR2,QKE,gnECL2.3
CCR2,QKE,gnECL2.4
CCR2,QKE,gnECL2.5
CCR2,KED,gnECL2.4
CCR2,KED,gnECL2.5
CCR2,KED,gnECL2.6
CCR2,EDS,gnECL2.5
CCR2,EDS,gnECL2.6
CCR2,EDS,gnECL2.7
CCR2,DSV,gnECL2.6
CCR2,DSV,gnECL2.7
CCR2,DSV,gnECL2.8
CCR2,SVY,gnECL2.7
CCR2,SVY,gnECL2.8
CCR2,SVY,gnECL2.9
CCR2,VYV,gnECL2.8
CCR2,VYV,gnECL2.9
CCR2,VYV,gnECL2.10
CCR3,ETE,gnECL2.1
CCR3,ETE,gnECL2.2
CCR3,ETE,gnECL2.3
CCR3,TEE,gnECL2.2
CCR3,TEE,gnECL2.3
CCR3,TEE,gnECL2.4
CCR3,EEL,gnECL2.3
CCR3,EEL,gnECL2.4
CCR3,EEL,gnECL2.5
CCR3,ELF,gnECL2.4
CCR3,ELF,gnECL2.5
CCR3,ELF,gnECL2.6
CCR3,LFE,gnECL2.5
CCR3,LFE,gnECL2.6
CCR3,LFE,gnECL2.7
CCR3,FEE,gnECL2.6
CCR3,FEE,gnECL2.7
CCR3,FEE,gnECL2.8
CCR3,EET,gnECL2.7
CCR3,EET,gnECL2.8
CCR3,EET,gnECL2.9
CCR3,ETL,gnECL2.8
CCR3,ETL,gnECL2.9
CCR3,ETL,gnECL2.10
CCR3,LYP,gnECL2.Cp3
CCR3,LYP,gnECL2.Cp4
CCR3,LYP,gnECL2.Cp5
CCR3,YPE,gnECL2.Cp4
CCR3,YPE,gnECL2.Cp5
CCR3,YPE,gnECL2.Cp6
CCR3,PED,gnECL2.Cp5
CCR3,PED,gnECL2.Cp6
CCR3,PED,gnECL2.Cp7
CCR4,TCY,gnECL2.1
CCR4,TCY,gnECL2.2
CCR4,TCY,gnECL2.3
CCR4,CYT,gnECL2.2
CCR4,CYT,gnECL2.3
CCR4,CYT,gnECL2.4
CCR4,YTE,gnECL2.3
CCR4,YTE,gnECL2.4
CCR4,YTE,gnECL2.5
CCR4,TER,gnECL2.4
CCR4,TER,gnECL2.5
CCR4,TER,gnECL2.6
CCR4,ERN,gnECL2.5
CCR4,ERN,gnECL2.6
CCR4,ERN,gnECL2.7
CCR4,RNH,gnECL2.6
CCR4,RNH,gnECL2.7
CCR4,RNH,gnECL2.8
CCR4,NHT,gnECL2.7
CCR4,NHT,gnECL2.8
CCR4,NHT,gnECL2.9
CCR4,HTY,gnECL2.8
CCR4,HTY,gnECL2.9
CCR4,HTY,gnECL2.10
CCR4,KYS,gnECL2.Cp3
CCR4,KYS,gnECL2.Cp4
CCR4,KYS,gnECL2.Cp5
CCR4,YSL,gnECL2.Cp4
CCR4,YSL,gnECL2.Cp5
CCR4,YSL,gnECL2.Cp6
CCR5,RSQ,gnECL2.1
CCR5,RSQ,gnECL2.2
CCR5,RSQ,gnECL2.3
CCR5,SQK,gnECL2.2
CCR5,SQK,gnECL2.3
CCR5,SQK,gnECL2.4
CCR5,QKE,gnECL2.3
CCR5,QKE,gnECL2.4
CCR5,QKE,gnECL2.5
CCR5,KEG,gnECL2.4
CCR5,KEG,gnECL2.5
CCR5,KEG,gnECL2.6
CCR5,EGL,gnECL2.5
CCR5,EGL,gnECL2.6
CCR5,EGL,gnECL2.7
CCR5,GLH,gnECL2.6
CCR5,GLH,gnECL2.7
CCR5,GLH,gnECL2.8
CCR5,LHY,gnECL2.7
CCR5,LHY,gnECL2.8
CCR5,LHY,gnECL2.9
CCR5,HYT,gnECL2.8
CCR5,HYT,gnECL2.9
CCR5,HYT,gnECL2.10
CCR5,HFP,gnECL2.Cp3
CCR5,HFP,gnECL2.Cp4
CCR5,HFP,gnECL2.Cp5
CCR5,FPY,gnECL2.Cp4
CCR5,FPY,gnECL2.Cp5
CCR5,FPY,gnECL2.Cp6
CCR5,PYS,gnECL2.Cp5
CCR5,PYS,gnECL2.Cp6
CCR5,PYS,gnECL2.Cp7
CCR6,QKY,gnECL2.1
CCR6,QKY,gnECL2.2
CCR6,QKY,gnECL2.3
CCR6,KYN,gnECL2.2
CCR6,KYN,gnECL2.3
CCR6,KYN,gnECL2.4
CCR6,YNT,gnECL2.3
CCR6,YNT,gnECL2.4
CCR6,YNT,gnECL2.5
CCR6,NTQ,gnECL2.4
CCR6,NTQ,gnECL2.5
CCR6,NTQ,gnECL2.6
CCR6,TQG,gnECL2.5
CCR6,TQG,gnECL2.6
CCR6,TQG,gnECL2.7
CCR6,QGS,gnECL2.6
CCR6,QGS,gnECL2.7
CCR6,QGS,gnECL2.8
CCR6,GSD,gnECL2.7
CCR6,GSD,gnECL2.8
CCR6,GSD,gnECL2.9
CCR6,SDV,gnECL2.8
CCR6,SDV,gnECL2.9
CCR6,SDV,gnECL2.10
CCR6,KYQ,gnECL2.Cp3
CCR6,KYQ,gnECL2.Cp4
CCR6,KYQ,gnECL2.Cp5
CCR6,YQT,gnECL2.Cp4
CCR6,YQT,gnECL2.Cp5
CCR6,YQT,gnECL2.Cp6
CCR6,QTV,gnECL2.Cp5
CCR6,QTV,gnECL2.Cp6
CCR6,QTV,gnECL2.Cp7
CCR6,TVS,gnECL2.Cp6
CCR6,TVS,gnECL2.Cp7
CCR6,TVS,gnECL2.Cp8
CCR6,VSE,gnECL2.Cp7
CCR6,VSE,gnECL2.Cp8
CCR6,VSE,gnECL2.Cp9
CCR6,SEP,gnECL2.Cp8
CCR6,SEP,gnECL2.Cp9
CCR6,SEP,gnECL2.Cp10
CCR6,EPI,gnECL2.Cp9
CCR6,EPI,gnECL2.Cp10
CCR6,EPI,gnECL2.Cp11
CCR7,DLQ,gnECL2.1
CCR7,DLQ,gnECL2.2
CCR7,DLQ,gnECL2.3
CCR7,LQR,gnECL2.2
CCR7,LQR,gnECL2.3
CCR7,LQR,gnECL2.4
CCR7,QRS,gnECL2.3
CCR7,QRS,gnECL2.4
CCR7,QRS,gnECL2.5
CCR7,RSS,gnECL2.4
CCR7,RSS,gnECL2.5
CCR7,RSS,gnECL2.6
CCR7,SSS,gnECL2.5
CCR7,SSS,gnECL2.6
CCR7,SSS,gnECL2.7
CCR7,SSE,gnECL2.6
CCR7,SSE,gnECL2.7
CCR7,SSE,gnECL2.8
CCR7,SEQ,gnECL2.7
CCR7,SEQ,gnECL2.8
CCR7,SEQ,gnECL2.9
CCR7,EQA,gnECL2.8
CCR7,EQA,gnECL2.9
CCR7,EQA,gnECL2.10
CCR7,QAM,gnECL2.9
CCR7,QAM,gnECL2.10
CCR7,QAM,gnECL2.11
CCR7,AMR,gnECL2.10
CCR7,AMR,gnECL2.11
CCR7,AMR,gnECL2.12
CCR7,ITE,gnECL2.Cp3
CCR7,ITE,gnECL2.Cp4
CCR7,ITE,gnECL2.Cp5
CCR7,TEH,gnECL2.Cp4
CCR7,TEH,gnECL2.Cp5
CCR7,TEH,gnECL2.Cp6
CCR7,EHV,gnECL2.Cp5
CCR7,EHV,gnECL2.Cp6
CCR7,EHV,gnECL2.Cp7
CCR8,QVA,gnECL2.1
CCR8,QVA,gnECL2.2
CCR8,QVA,gnECL2.3
CCR8,VAS,gnECL2.2
CCR8,VAS,gnECL2.3
CCR8,VAS,gnECL2.4
CCR8,ASE,gnECL2.3
CCR8,ASE,gnECL2.4
CCR8,ASE,gnECL2.5
CCR8,SED,gnECL2.4
CCR8,SED,gnECL2.5
CCR8,SED,gnECL2.6
CCR8,EDG,gnECL2.5
CCR8,EDG,gnECL2.6
CCR8,EDG,gnECL2.7
CCR8,DGV,gnECL2.6
CCR8,DGV,gnECL2.7
CCR8,DGV,gnECL2.8
CCR8,GVL,gnECL2.7
CCR8,GVL,gnECL2.8
CCR8,GVL,gnECL2.9
CCR8,VLQ,gnECL2.8
CCR8,VLQ,gnECL2.9
CCR8,VLQ,gnECL2.10
CCR8,FYN,gnECL2.Cp3
CCR8,FYN,gnECL2.Cp4
CCR8,FYN,gnECL2.Cp5
CCR8,YNQ,gnECL2.Cp4
CCR8,YNQ,gnECL2.Cp5
CCR8,YNQ,gnECL2.Cp6
CCR9,QIK,gnECL2.1
CCR9,QIK,gnECL2.2
CCR9,QIK,gnECL2.3
CCR9,IKE,gnECL2.2
CCR9,IKE,gnECL2.3
CCR9,IKE,gnECL2.4
CCR9,KEE,gnECL2.3
CCR9,KEE,gnECL2.4
CCR9,KEE,gnECL2.5
CCR9,EES,gnECL2.4
CCR9,EES,gnECL2.5
CCR9,EES,gnECL2.6
CCR9,ESG,gnECL2.5
CCR9,ESG,gnECL2.6
CCR9,ESG,gnECL2.7
CCR9,SGI,gnECL2.6
CCR9,SGI,gnECL2.7
CCR9,SGI,gnECL2.8
CCR9,GIA,gnECL2.7
CCR9,GIA,gnECL2.8
CCR9,GIA,gnECL2.9
CCR9,IAI,gnECL2.8
CCR9,IAI,gnECL2.9
CCR9,IAI,gnECL2.10
CCR9,VYP,gnECL2.Cp3
CCR9,VYP,gnECL2.Cp4
CCR9,VYP,gnECL2.Cp5
CCR9,YPS,gnECL2.Cp4
CCR9,YPS,gnECL2.Cp5
CCR9,YPS,gnECL2.Cp6
CCR9,PSD,gnECL2.Cp5
CCR9,PSD,gnECL2.Cp6
CCR9,PSD,gnECL2.Cp7
CCR9,SDE,gnECL2.Cp6
CCR9,SDE,gnECL2.Cp7
CCR9,SDE,gnECL2.Cp8
CCR9,DES,gnECL2.Cp7
CCR9,DES,gnECL2.Cp8
CCR9,DES,gnECL2.Cp9
CCR9,EST,gnECL2.Cp8
CCR9,EST,gnECL2.Cp9
CCR9,EST,gnECL2.Cp10
CCR10,QDG,gnECL2.1
CCR10,QDG,gnECL2.2
CCR10,QDG,gnECL2.3
CCR10,DGQ,gnECL2.2
CCR10,DGQ,gnECL2.3
CCR10,DGQ,gnECL2.4
CCR10,GQR,gnECL2.3
CCR10,GQR,gnECL2.4
CCR10,GQR,gnECL2.5
CCR10,QRE,gnECL2.4
CCR10,QRE,gnECL2.5
CCR10,QRE,gnECL2.6
CCR10,REG,gnECL2.5
CCR10,REG,gnECL2.6
CCR10,REG,gnECL2.7
CCR10,EGQ,gnECL2.6
CCR10,EGQ,gnECL2.7
CCR10,EGQ,gnECL2.8
CCR10,GQR,gnECL2.7
CCR10,GQR,gnECL2.8
CCR10,GQR,gnECL2.9
CCR10,QRR,gnECL2.8
CCR10,QRR,gnECL2.9
CCR10,QRR,gnECL2.10
CCR10,IFP,gnECL2.Cp3
CCR10,IFP,gnECL2.Cp4
CCR10,IFP,gnECL2.Cp5
CCR10,FPE,gnECL2.Cp4
CCR10,FPE,gnECL2.Cp5
CCR10,FPE,gnECL2.Cp6
CCR10,PEG,gnECL2.Cp5
CCR10,PEG,gnECL2.Cp6
CCR10,PEG,gnECL2.Cp7
CCR10,EGL,gnECL2.Cp6
CCR10,EGL,gnECL2.Cp7
CCR10,EGL,gnECL2.Cp8
CCR10,GLT,gnECL2.Cp7
CCR10,GLT,gnECL2.Cp8
CCR10,GLT,gnECL2.Cp9
CCR10,LTQ,gnECL2.Cp8
CCR10,LTQ,gnECL2.Cp9
CCR10,LTQ,gnECL2.Cp10
CXCR1,QAY,gnECL2.1
CXCR1,QAY,gnECL2.2
CXCR1,QAY,gnECL2.3
CXCR1,AYH,gnECL2.2
CXCR1,AYH,gnECL2.3
CXCR1,AYH,gnECL2.4
CXCR1,YHP,gnECL2.3
CXCR1,YHP,gnECL2.4
CXCR1,YHP,gnECL2.5
CXCR1,HPN,gnECL2.4
CXCR1,HPN,gnECL2.5
CXCR1,HPN,gnECL2.6
CXCR1,PNN,gnECL2.5
CXCR1,PNN,gnECL2.6
CXCR1,PNN,gnECL2.7
CXCR1,NNS,gnECL2.6
CXCR1,NNS,gnECL2.7
CXCR1,NNS,gnECL2.8
CXCR1,NSS,gnECL2.7
CXCR1,NSS,gnECL2.8
CXCR1,NSS,gnECL2.9
CXCR1,SSP,gnECL2.8
CXCR1,SSP,gnECL2.9
CXCR1,SSP,gnECL2.10
CXCR1,SPV,gnECL2.9
CXCR1,SPV,gnECL2.10
CXCR1,SPV,gnECL2.11
CXCR1,VLG,gnECL2.Cp3
CXCR1,VLG,gnECL2.Cp4
CXCR1,VLG,gnECL2.Cp5
CXCR1,LGN,gnECL2.Cp4
CXCR1,LGN,gnECL2.Cp5
CXCR1,LGN,gnECL2.Cp6
CXCR1,GND,gnECL2.Cp5
CXCR1,GND,gnECL2.Cp6
CXCR1,GND,gnECL2.Cp7
CXCR2,RTV,gnECL2.1
CXCR2,RTV,gnECL2.2
CXCR2,RTV,gnECL2.3
CXCR2,TVY,gnECL2.2
CXCR2,TVY,gnECL2.3
CXCR2,TVY,gnECL2.4
CXCR2,VYS,gnECL2.3
CXCR2,VYS,gnECL2.4
CXCR2,VYS,gnECL2.5
CXCR2,YSS,gnECL2.4
CXCR2,YSS,gnECL2.5
CXCR2,YSS,gnECL2.6
CXCR2,SSN,gnECL2.5
CXCR2,SSN,gnECL2.6
CXCR2,SSN,gnECL2.7
CXCR2,SNV,gnECL2.6
CXCR2,SNV,gnECL2.7
CXCR2,SNV,gnECL2.8
CXCR2,NVS,gnECL2.7
CXCR2,NVS,gnECL2.8
CXCR2,NVS,gnECL2.9
CXCR2,VSP,gnECL2.8
CXCR2,VSP,gnECL2.9
CXCR2,VSP,gnECL2.10
CXCR2,SPA,gnECL2.9
CXCR2,SPA,gnECL2.10
CXCR2,SPA,gnECL2.11
CXCR2,DMG,gnECL2.Cp3
CXCR2,DMG,gnECL2.Cp4
CXCR2,DMG,gnECL2.Cp5
CXCR2,MGN,gnECL2.Cp4
CXCR2,MGN,gnECL2.Cp5
CXCR2,MGN,gnECL2.Cp6
CXCR2,GNN,gnECL2.Cp5
CXCR2,GNN,gnECL2.Cp6
CXCR2,GNN,gnECL2.Cp7
CXCR2,NNT,gnECL2.Cp6
CXCR2,NNT,gnECL2.Cp7
CXCR2,NNT,gnECL2.Cp8
CXCR2,NTA,gnECL2.Cp7
CXCR2,NTA,gnECL2.Cp8
CXCR2,NTA,gnECL2.Cp9
CXCR3,SAH,gnECL2.1
CXCR3,SAH,gnECL2.2
CXCR3,SAH,gnECL2.3
CXCR3,AHH,gnECL2.2
CXCR3,AHH,gnECL2.3
CXCR3,AHH,gnECL2.4
CXCR3,HHD,gnECL2.3
CXCR3,HHD,gnECL2.4
CXCR3,HHD,gnECL2.5
CXCR3,HDE,gnECL2.4
CXCR3,HDE,gnECL2.5
CXCR3,HDE,gnECL2.6
CXCR3,DER,gnECL2.5
CXCR3,DER,gnECL2.6
CXCR3,DER,gnECL2.7
CXCR3,ERL,gnECL2.6
CXCR3,ERL,gnECL2.7
CXCR3,ERL,gnECL2.8
CXCR3,RLN,gnECL2.7
CXCR3,RLN,gnECL2.8
CXCR3,RLN,gnECL2.9
CXCR3,LNA,gnECL2.8
CXCR3,LNA,gnECL2.9
CXCR3,LNA,gnECL2.10
CXCR3,NAT,gnECL2.9
CXCR3,NAT,gnECL2.10
CXCR3,NAT,gnECL2.11
CXCR3,ATH,gnECL2.10
CXCR3,ATH,gnECL2.11
CXCR3,ATH,gnECL2.12
CXCR3,NFP,gnECL2.Cp3
CXCR3,NFP,gnECL2.Cp4
CXCR3,NFP,gnECL2.Cp5
CXCR4,NVS,gnECL2.1
CXCR4,NVS,gnECL2.2
CXCR4,NVS,gnECL2.3
CXCR4,VSE,gnECL2.2
CXCR4,VSE,gnECL2.3
CXCR4,VSE,gnECL2.4
CXCR4,SEA,gnECL2.3
CXCR4,SEA,gnECL2.4
CXCR4,SEA,gnECL2.5
CXCR4,EAD,gnECL2.4
CXCR4,EAD,gnECL2.5
CXCR4,EAD,gnECL2.6
CXCR4,ADD,gnECL2.5
CXCR4,ADD,gnECL2.6
CXCR4,ADD,gnECL2.7
CXCR4,DDR,gnECL2.6
CXCR4,DDR,gnECL2.7
CXCR4,DDR,gnECL2.8
CXCR4,DRY,gnECL2.7
CXCR4,DRY,gnECL2.8
CXCR4,DRY,gnECL2.9
CXCR4,RYI,gnECL2.8
CXCR4,RYI,gnECL2.9
CXCR4,RYI,gnECL2.10
CXCR4,FYP,gnECL2.Cp3
CXCR4,FYP,gnECL2.Cp4
CXCR4,FYP,gnECL2.Cp5
CXCR4,YPN,gnECL2.Cp4
CXCR4,YPN,gnECL2.Cp5
CXCR4,YPN,gnECL2.Cp6
CXCR5,KVS,gnECL2.1
CXCR5,KVS,gnECL2.2
CXCR5,KVS,gnECL2.3
CXCR5,VSQ,gnECL2.2
CXCR5,VSQ,gnECL2.3
CXCR5,VSQ,gnECL2.4
CXCR5,SQG,gnECL2.3
CXCR5,SQG,gnECL2.4
CXCR5,SQG,gnECL2.5
CXCR5,QGH,gnECL2.4
CXCR5,QGH,gnECL2.5
CXCR5,QGH,gnECL2.6
CXCR5,GHH,gnECL2.5
CXCR5,GHH,gnECL2.6
CXCR5,GHH,gnECL2.7
CXCR5,HHN,gnECL2.6
CXCR5,HHN,gnECL2.7
CXCR5,HHN,gnECL2.8
CXCR5,HNN,gnECL2.7
CXCR5,HNN,gnECL2.8
CXCR5,HNN,gnECL2.9
CXCR5,NNS,gnECL2.8
CXCR5,NNS,gnECL2.9
CXCR5,NNS,gnECL2.10
CXCR5,NSL,gnECL2.9
CXCR5,NSL,gnECL2.10
CXCR5,NSL,gnECL2.11
CXCR5,SLP,gnECL2.10
CXCR5,SLP,gnECL2.11
CXCR5,SLP,gnECL2.12
CXCR5,LPR,gnECL2.11
CXCR5,LPR,gnECL2.12
CXCR5,LPR,gnECL2.13
CXCR5,SQE,gnECL2.Cp3
CXCR5,SQE,gnECL2.Cp4
CXCR5,SQE,gnECL2.Cp5
CXCR5,QEN,gnECL2.Cp4
CXCR5,QEN,gnECL2.Cp5
CXCR5,QEN,gnECL2.Cp6
CXCR5,ENQ,gnECL2.Cp5
CXCR5,ENQ,gnECL2.Cp6
CXCR5,ENQ,gnECL2.Cp7
CXCR5,NQA,gnECL2.Cp6
CXCR5,NQA,gnECL2.Cp7
CXCR5,NQA,gnECL2.Cp8
CXCR5,QAE,gnECL2.Cp7
CXCR5,QAE,gnECL2.Cp8
CXCR5,QAE,gnECL2.Cp9
CXCR6,NVF,gnECL2.1
CXCR6,NVF,gnECL2.2
CXCR6,NVF,gnECL2.3
CXCR6,VFN,gnECL2.2
CXCR6,VFN,gnECL2.3
CXCR6,VFN,gnECL2.4
CXCR6,FNL,gnECL2.3
CXCR6,FNL,gnECL2.4
CXCR6,FNL,gnECL2.5
CXCR6,NLD,gnECL2.4
CXCR6,NLD,gnECL2.5
CXCR6,NLD,gnECL2.6
CXCR6,LDK,gnECL2.5
CXCR6,LDK,gnECL2.6
CXCR6,LDK,gnECL2.7
CXCR6,DKL,gnECL2.6
CXCR6,DKL,gnECL2.7
CXCR6,DKL,gnECL2.8
CXCR6,KLI,gnECL2.7
CXCR6,KLI,gnECL2.8
CXCR6,KLI,gnECL2.9
CXCR6,HDE,gnECL2.Cp3
CXCR6,HDE,gnECL2.Cp4
CXCR6,HDE,gnECL2.Cp5
ACKR1,GAS,gnECL2.1
ACKR1,GAS,gnECL2.2
ACKR1,GAS,gnECL2.3
ACKR1,ASG,gnECL2.2
ACKR1,ASG,gnECL2.3
ACKR1,ASG,gnECL2.4
ACKR1,SGG,gnECL2.3
ACKR1,SGG,gnECL2.4
ACKR1,SGG,gnECL2.5
ACKR1,GGL,gnECL2.4
ACKR1,GGL,gnECL2.5
ACKR1,GGL,gnECL2.6
ACKR2,QTH,gnECL2.1
ACKR2,QTH,gnECL2.2
ACKR2,QTH,gnECL2.3
ACKR2,THE,gnECL2.2
ACKR2,THE,gnECL2.3
ACKR2,THE,gnECL2.4
ACKR2,HEN,gnECL2.3
ACKR2,HEN,gnECL2.4
ACKR2,HEN,gnECL2.5
ACKR2,ENP,gnECL2.4
ACKR2,ENP,gnECL2.5
ACKR2,ENP,gnECL2.6
ACKR2,NPK,gnECL2.5
ACKR2,NPK,gnECL2.6
ACKR2,NPK,gnECL2.7
ACKR2,PKG,gnECL2.6
ACKR2,PKG,gnECL2.7
ACKR2,PKG,gnECL2.8
ACKR2,KGV,gnECL2.7
ACKR2,KGV,gnECL2.8
ACKR2,KGV,gnECL2.9
ACKR2,GVW,gnECL2.8
ACKR2,GVW,gnECL2.9
ACKR2,GVW,gnECL2.10
ACKR2,VWN,gnECL2.9
ACKR2,VWN,gnECL2.10
ACKR2,VWN,gnECL2.11
ACKR2,DFG,gnECL2.Cp3
ACKR2,DFG,gnECL2.Cp4
ACKR2,DFG,gnECL2.Cp5
ACKR2,FGG,gnECL2.Cp4
ACKR2,FGG,gnECL2.Cp5
ACKR2,FGG,gnECL2.Cp6
ACKR2,GGH,gnECL2.Cp5
ACKR2,GGH,gnECL2.Cp6
ACKR2,GGH,gnECL2.Cp7
ACKR3,KTV,gnECL2.1
ACKR3,KTV,gnECL2.2
ACKR3,KTV,gnECL2.3
ACKR3,TVT,gnECL2.2
ACKR3,TVT,gnECL2.3
ACKR3,TVT,gnECL2.4
ACKR3,VTS,gnECL2.3
ACKR3,VTS,gnECL2.4
ACKR3,VTS,gnECL2.5
ACKR3,TSA,gnECL2.4
ACKR3,TSA,gnECL2.5
ACKR3,TSA,gnECL2.6
ACKR3,SAS,gnECL2.5
ACKR3,SAS,gnECL2.6
ACKR3,SAS,gnECL2.7
ACKR3,ASN,gnECL2.6
ACKR3,ASN,gnECL2.7
ACKR3,ASN,gnECL2.8
ACKR3,SNN,gnECL2.7
ACKR3,SNN,gnECL2.8
ACKR3,SNN,gnECL2.9
ACKR3,NNE,gnECL2.8
ACKR3,NNE,gnECL2.9
ACKR3,NNE,gnECL2.10
ACKR3,NET,gnECL2.9
ACKR3,NET,gnECL2.10
ACKR3,NET,gnECL2.11
ACKR3,ETY,gnECL2.10
ACKR3,ETY,gnECL2.11
ACKR3,ETY,gnECL2.12
ACKR3,FYP,gnECL2.Cp3
ACKR3,FYP,gnECL2.Cp4
ACKR3,FYP,gnECL2.Cp5
ACKR3,YPE,gnECL2.Cp4
ACKR3,YPE,gnECL2.Cp5
ACKR3,YPE,gnECL2.Cp6
ACKR3,PEH,gnECL2.Cp5
ACKR3,PEH,gnECL2.Cp6
ACKR3,PEH,gnECL2.Cp7
ACKR3,EHS,gnECL2.Cp6
ACKR3,EHS,gnECL2.Cp7
ACKR3,EHS,gnECL2.Cp8
ACKR3,HSI,gnECL2.Cp7
ACKR3,HSI,gnECL2.Cp8
ACKR3,HSI,gnECL2.Cp9
ACKR3,SIK,gnECL2.Cp8
ACKR3,SIK,gnECL2.Cp9
ACKR3,SIK,gnECL2.Cp10
ACKR3,IKE,gnECL2.Cp9
ACKR3,IKE,gnECL2.Cp10
ACKR3,IKE,gnECL2.Cp11
ACKR4,TVN,gnECL2.1
ACKR4,TVN,gnECL2.2
ACKR4,TVN,gnECL2.3
ACKR4,VND,gnECL2.2
ACKR4,VND,gnECL2.3
ACKR4,VND,gnECL2.4
ACKR4,NDN,gnECL2.3
ACKR4,NDN,gnECL2.4
ACKR4,NDN,gnECL2.5
ACKR4,DNA,gnECL2.4
ACKR4,DNA,gnECL2.5
ACKR4,DNA,gnECL2.6
ACKR4,NAR,gnECL2.5
ACKR4,NAR,gnECL2.6
ACKR4,NAR,gnECL2.7
ACKR4,IFP,gnECL2.Cp3
ACKR4,IFP,gnECL2.Cp4
ACKR4,IFP,gnECL2.Cp5
ACKR4,FPR,gnECL2.Cp4
ACKR4,FPR,gnECL2.Cp5
ACKR4,FPR,gnECL2.Cp6
ACKR4,PRY,gnECL2.Cp5
ACKR4,PRY,gnECL2.Cp6
ACKR4,PRY,gnECL2.Cp7
ACKR4,RYL,gnECL2.Cp6
ACKR4,RYL,gnECL2.Cp7
ACKR4,RYL,gnECL2.Cp8
ACKR4,YLG,gnECL2.Cp7
ACKR4,YLG,gnECL2.Cp8
ACKR4,YLG,gnECL2.Cp9
ACKR4,LGT,gnECL2.Cp8
ACKR4,LGT,gnECL2.Cp9
ACKR4,LGT,gnECL2.Cp10
CCRL2,KPQ,gnECL2.1
CCRL2,KPQ,gnECL2.2
CCRL2,KPQ,gnECL2.3
CCRL2,PQM,gnECL2.2
CCRL2,PQM,gnECL2.3
CCRL2,PQM,gnECL2.4
CCRL2,QME,gnECL2.3
CCRL2,QME,gnECL2.4
CCRL2,QME,gnECL2.5
CCRL2,MED,gnECL2.4
CCRL2,MED,gnECL2.5
CCRL2,MED,gnECL2.6
CCRL2,EDQ,gnECL2.5
CCRL2,EDQ,gnECL2.6
CCRL2,EDQ,gnECL2.7
CCRL2,DQK,gnECL2.6
CCRL2,DQK,gnECL2.7
CCRL2,DQK,gnECL2.8
CCRL2,QKY,gnECL2.7
CCRL2,QKY,gnECL2.8
CCRL2,QKY,gnECL2.9
CCRL2,KYK,gnECL2.8
CCRL2,KYK,gnECL2.9
CCRL2,KYK,gnECL2.10
CCRL2,SRT,gnECL2.Cp3
CCRL2,SRT,gnECL2.Cp4
CCRL2,SRT,gnECL2.Cp5
CCRL2,RTP,gnECL2.Cp4
CCRL2,RTP,gnECL2.Cp5
CCRL2,RTP,gnECL2.Cp6
CCRL2,TPF,gnECL2.Cp5
CCRL2,TPF,gnECL2.Cp6
CCRL2,TPF,gnECL2.Cp7
CCRL2,PFL,gnECL2.Cp6
CCRL2,PFL,gnECL2.Cp7
CCRL2,PFL,gnECL2.Cp8
CCRL2,FLP,gnECL2.Cp7
CCRL2,FLP,gnECL2.Cp8
CCRL2,FLP,gnECL2.Cp9
CCRL2,LPA,gnECL2.Cp8
CCRL2,LPA,gnECL2.Cp9
CCRL2,LPA,gnECL2.Cp10
XXCR1,KVL,gnECL2.1
XXCR1,KVL,gnECL2.2
XXCR1,KVL,gnECL2.3
XXCR1,VLS,gnECL2.2
XXCR1,VLS,gnECL2.3
XXCR1,VLS,gnECL2.4
XXCR1,LSS,gnECL2.3
XXCR1,LSS,gnECL2.4
XXCR1,LSS,gnECL2.5
XXCR1,SSG,gnECL2.4
XXCR1,SSG,gnECL2.5
XXCR1,SSG,gnECL2.6
XXCR1,SEL,gnECL2.Cp3
XXCR1,SEL,gnECL2.Cp4
XXCR1,SEL,gnECL2.Cp5
XXCR1,ELT,gnECL2.Cp4
XXCR1,ELT,gnECL2.Cp5
XXCR1,ELT,gnECL2.Cp6
CX3CR1,KQK,gnECL2.1
CX3CR1,KQK,gnECL2.2
CX3CR1,KQK,gnECL2.3
CX3CR1,QKE,gnECL2.2
CX3CR1,QKE,gnECL2.3
CX3CR1,QKE,gnECL2.4
CX3CR1,KEN,gnECL2.3
CX3CR1,KEN,gnECL2.4
CX3CR1,KEN,gnECL2.5
CX3CR1,ENE,gnECL2.4
CX3CR1,ENE,gnECL2.5
CX3CR1,ENE,gnECL2.6
CX3CR1,DYP,gnECL2.Cp3
CX3CR1,DYP,gnECL2.Cp4
CX3CR1,DYP,gnECL2.Cp5
CX3CR1,YPE,gnECL2.Cp4
CX3CR1,YPE,gnECL2.Cp5
CX3CR1,YPE,gnECL2.Cp6
CX3CR1,PEV,gnECL2.Cp5
CX3CR1,PEV,gnECL2.Cp6
CX3CR1,PEV,gnECL2.Cp7
CX3CR1,EVL,gnECL2.Cp6
CX3CR1,EVL,gnECL2.Cp7
CX3CR1,EVL,gnECL2.Cp8