cn,subunit,dom,sse,resno_,,
,S1,NT,,27,,
,S1,NT,,28,,
,S1,NT,,29,,
,S1,NT,,30,,
,S1,NT,,31,,N2R
,S1,NT,,32,,SD1
,S1,NT,,33,,SD2
,S1,NT,,34,,FP
,S1,NT,,35,,HR1
,S1,NT,,36,,CH
,S1,NT,,37,,CD
,S1,NT,,38,,HR2
,S1,NT,,39,,
,S1,NT,,40,,
,S1,NT,,41,,
,S1,NT,,42,,
,S1,NT,,43,,
,S1,NT,,44,,
,S1,NT,,45,,
,S1,NT,,46,,
,S1,NT,,47,,
,S1,NT,,48,,
,S1,NT,,49,,
,S1,NT,,50,,
,S1,NT,,51,,
,S1,NT,,52,,
,S1,NT,,53,,
,S1,NT,,54,,
,S1,NT,,55,,
,S1,NT,,56,,
,S1,NT,,57,,
,S1,NT,,58,,
,S1,NT,,59,,
,S1,NT,,60,,
,S1,NT,,61,,
,S1,NT,,62,,
,S1,NT,,63,,
,S1,NT,,64,,
,S1,NT,,65,,
,S1,NT,,66,,
,S1,NT,,67,,
,S1,NT,,68,,
,S1,NT,,69,,
,S1,NT,,70,,
,S1,NT,,71,,
,S1,NT,,72,,
,S1,NT,,73,,
,S1,NT,,74,,
,S1,NT,,75,,
,S1,NT,,76,,
,S1,NT,,77,,
,S1,NT,,78,,
,S1,NT,,79,,
,S1,NT,,80,,
,S1,NT,,81,,
,S1,NT,,82,,
,S1,NT,,83,,
,S1,NT,,84,,
,S1,NT,,85,,
,S1,NT,,86,,
,S1,NT,,87,,
,S1,NT,,88,,
,S1,NT,,89,,
,S1,NT,,90,,
,S1,NT,,91,,
,S1,NT,,92,,
,S1,NT,,93,,
,S1,NT,,94,,
,S1,NT,,95,,
,S1,NT,,96,,
,S1,NT,,97,,
,S1,NT,,98,,
,S1,NT,,99,,
,S1,NT,,100,,
,S1,NT,,101,,
,S1,NT,,102,,
,S1,NT,,103,,
,S1,NT,,104,,
,S1,NT,,105,,
,S1,NT,,106,,
,S1,NT,,107,,
,S1,NT,,108,,
,S1,NT,,109,,
,S1,NT,,110,,
,S1,NT,,111,,
,S1,NT,,112,,
,S1,NT,,113,,
,S1,NT,,114,,
,S1,NT,,115,,
,S1,NT,,116,,
,S1,NT,,117,,
,S1,NT,,118,,
,S1,NT,,119,,
,S1,NT,,120,,
,S1,NT,,121,,
,S1,NT,,122,,
,S1,NT,,123,,
,S1,NT,,124,,
,S1,NT,,125,,
,S1,NT,,126,,
,S1,NT,,127,,
,S1,NT,,128,,
,S1,NT,,129,,
,S1,NT,,130,,
,S1,NT,,131,,
,S1,NT,,132,,
,S1,NT,,133,,
,S1,NT,,134,,
,S1,NT,,135,,
,S1,NT,,136,,
,S1,NT,,137,,
,S1,NT,,138,,
,S1,NT,,139,,
,S1,NT,,140,,
,S1,NT,,141,,
,S1,NT,,142,,
,S1,NT,,143,,
,S1,NT,,144,,
,S1,NT,,145,,
,S1,NT,,146,,
,S1,NT,,147,,
,S1,NT,,148,,
,S1,NT,,149,,
,S1,NT,,150,,
,S1,NT,,151,,
,S1,NT,,152,,
,S1,NT,,153,,
,S1,NT,,154,,
,S1,NT,,155,,
,S1,NT,,156,,
,S1,NT,,157,,
,S1,NT,,158,,
,S1,NT,,159,,
,S1,NT,,160,,
,S1,NT,,161,,
,S1,NT,,162,,
,S1,NT,,163,,
,S1,NT,,164,,
,S1,NT,,165,,
,S1,NT,,166,,
,S1,NT,,167,,
,S1,NT,,168,,
,S1,NT,,169,,
,S1,NT,,170,,
,S1,NT,,171,,
,S1,NT,,172,,
,S1,NT,,173,,
,S1,NT,,174,,
,S1,NT,,175,,
,S1,NT,,176,,
,S1,NT,,177,,
,S1,NT,,178,,
,S1,NT,,179,,
,S1,NT,,180,,
,S1,NT,,181,,
,S1,NT,,182,,
,S1,NT,,183,,
,S1,NT,,184,,
,S1,NT,,185,,
,S1,NT,,186,,
,S1,NT,,187,,
,S1,NT,,188,,
,S1,NT,,189,,
,S1,NT,,190,,
,S1,NT,,191,,
,S1,NT,,192,,
,S1,NT,,193,,
,S1,NT,,194,,
,S1,NT,,195,,
,S1,NT,,196,,
,S1,NT,,197,,
,S1,NT,,198,,
,S1,NT,,199,,
,S1,NT,,200,,
,S1,NT,,201,,
,S1,NT,,202,,
,S1,NT,,203,,
,S1,NT,,204,,
,S1,NT,,205,,
,S1,NT,,206,,
,S1,NT,,207,,
,S1,NT,,208,,
,S1,NT,,209,,
,S1,NT,,210,,
,S1,NT,,211,,
,S1,NT,,212,,
,S1,NT,,213,,
,S1,NT,,214,,
,S1,NT,,215,,
,S1,NT,,216,,
,S1,NT,,217,,
,S1,NT,,218,,
,S1,NT,,219,,
,S1,NT,,220,,
,S1,NT,,221,,
,S1,NT,,222,,
,S1,NT,,223,,
,S1,NT,,224,,
,S1,NT,,225,,
,S1,NT,,226,,
,S1,NT,,227,,
,S1,NT,,228,,
,S1,NT,,229,,
,S1,NT,,230,,
,S1,NT,,231,,
,S1,NT,,232,,
,S1,NT,,233,,
,S1,NT,,234,,
,S1,NT,,235,,
,S1,NT,,236,,
,S1,NT,,237,,
,S1,NT,,238,,
,S1,NT,,239,,
,S1,NT,,240,,
,S1,NT,,241,,
,S1,NT,,242,,
,S1,NT,,243,,
,S1,NT,,244,,
,S1,NT,,245,,
,S1,NT,,246,,
,S1,NT,,247,,
,S1,NT,,248,,
,S1,NT,,249,,
,S1,NT,,250,,
,S1,NT,,251,,
,S1,NT,,252,,
,S1,NT,,253,,
,S1,NT,,254,,
,S1,NT,,255,,
,S1,NT,,256,,
,S1,NT,,257,,
,S1,NT,,258,,
,S1,NT,,259,,
,S1,NT,,260,,
,S1,NT,,261,,
,S1,NT,,262,,
,S1,NT,,263,,
,S1,NT,,264,,
,S1,NT,,265,,
,S1,NT,,266,,
,S1,NT,,267,,
,S1,NT,,268,,
,S1,NT,,269,,
,S1,NT,,270,,
,S1,NT,,271,,
,S1,NT,,272,,
,S1,NT,,273,,
,S1,NT,,274,,
,S1,NT,,275,,
,S1,NT,,276,,
,S1,NT,,277,,
,S1,NT,,278,,
,S1,NT,,279,,
,S1,NT,,280,,
,S1,NT,,281,,
,S1,NT,,282,,
,S1,NT,,283,,
,S1,NT,,284,,
,S1,NT,,285,,
,S1,NT,,286,,
,S1,NT,,287,,
,S1,NT,,288,,
,S1,NT,,289,,
,S1,NT,,290,,
,S1,ntrb,,291,,
,S1,ntrb,,292,,
,S1,ntrb,,293,,
,S1,ntrb,,294,,
,S1,ntrb,,295,,
,S1,ntrb,,296,,
,S1,ntrb,,297,,
,S1,ntrb,,298,,
,S1,ntrb,,299,,
,S1,ntrb,,300,,
,S1,ntrb,,301,,
,S1,ntrb,,302,,
,S1,ntrb,,303,,
,S1,ntrb,,304,,
,S1,ntrb,,305,,
,S1,ntrb,,306,,
,S1,ntrb,,307,,
,S1,ntrb,,308,,
,S1,ntrb,,309,,
,S1,ntrb,,310,,
,S1,ntrb,,311,,
,S1,ntrb,,312,,
,S1,ntrb,,313,,
,S1,ntrb,,314,,
,S1,ntrb,,315,,
,S1,ntrb,,316,,
,S1,ntrb,,317,,
,S1,ntrb,,318,,
,S1,ntrb,,319,,
,S1,ntrb,,320,,
,S1,ntrb,,321,,
,S1,ntrb,,322,,
,S1,ntrb,,323,,
,S1,ntrb,,324,,
,S1,ntrb,,325,,
,S1,ntrb,,326,,
,S1,ntrb,,327,,
,S1,ntrb,,328,,
,S1,ntrb,,329,,
,S1,ntrb,,330,,
,S1,ntrb,,331,,
,S1,ntrb,,332,,
,S1,ntrb,,333,,
,S1,ntrb,,334,,
,S1,ntrb,,335,,
,S1,ntrb,,336,,
,S1,ntrb,,337,,
,S1,ntrb,,338,,
,S1,ntrb,,339,,
,S1,ntrb,,340,,
,S1,ntrb,,341,,
,S1,ntrb,,342,,
,S1,ntrb,,343,,
,S1,ntrb,,344,,
,S1,ntrb,,345,,
,S1,ntrb,,346,,
,S1,ntrb,,347,,
,S1,ntrb,,348,,
,S1,ntrb,,349,,
,S1,ntrb,,350,,
,S1,ntrb,,351,,
,S1,ntrb,,352,,
,S1,ntrb,,353,,
,S1,RB,,354,,
,S1,RB,,355,,
,S1,RB,,356,,
,S1,RB,,357,,
,S1,RB,,358,,
,S1,RB,,359,,
,S1,RB,,360,,
,S1,RB,,361,,
,S1,RB,,362,,
,S1,RB,,363,,
,S1,RB,,364,,
,S1,RB,,365,,
,S1,RB,,366,,
,S1,RB,,367,,
,S1,RB,,368,,
,S1,RB,,369,,
,S1,RB,,370,,
,S1,RB,,371,,
,S1,RB,,372,,
,S1,RB,,373,,
,S1,RB,,374,,
,S1,RB,,375,,
,S1,RB,,376,,
,S1,RB,,377,,
,S1,RB,,378,,
,S1,RB,,379,,
,S1,RB,,380,,
,S1,RB,,381,,
,S1,RB,,382,,
,S1,RB,,383,,
,S1,RB,,384,,
,S1,RB,,385,,
,S1,RB,,386,,
,S1,RB,,387,,
,S1,RB,,388,,
,S1,RB,,389,,
,S1,RB,,390,,
,S1,RB,,391,,
,S1,RB,,392,,
,S1,RB,,393,,
,S1,RB,,394,,
,S1,RB,,395,,
,S1,RB,,396,,
,S1,RB,,397,,
,S1,RB,,398,,
,S1,RB,,399,,
,S1,RB,,400,,
,S1,RB,,401,,
,S1,RB,,402,,
,S1,RB,,403,,
,S1,RB,,404,,
,S1,RB,,405,,
,S1,RB,,406,,
,S1,RB,,407,,
,S1,RB,,408,,
,S1,RB,,409,,
,S1,RB,,410,,
,S1,RB,,411,,
,S1,RB,,412,,
,S1,RB,,413,,
,S1,RB,,414,,
,S1,RB,,415,,
,S1,RB,,416,,
,S1,RB,,417,,
,S1,RB,,418,,
,S1,RB,,419,,
,S1,RB,,420,,
,S1,RB,,421,,
,S1,RB,,422,,
,S1,RB,,423,,
,S1,RB,,424,,
,S1,RB,,425,,
,S1,RB,,426,,
,S1,RB,,427,,
,S1,RB,,428,,
,S1,RB,,429,,
,S1,RB,,430,,
,S1,RB,,431,,
,S1,RB,,432,,
,S1,RB,,433,,
,S1,RB,,434,,
,S1,RB,,435,,
,S1,RB,,436,,
,S1,RB,,437,,
,S1,RB,,438,,
,S1,RB,,439,,
,S1,RB,,440,,
,S1,RB,,441,,
,S1,RB,,442,,
,S1,RB,,443,,
,S1,RB,,444,,
,S1,RB,,445,,
,S1,RB,,446,,
,S1,RB,,447,,
,S1,RB,,448,,
,S1,RB,,449,,
,S1,RB,,450,,
,S1,RB,,451,,
,S1,RB,,452,,
,S1,RB,,453,,
,S1,RB,,454,,
,S1,RB,,455,,
,S1,RB,,456,,
,S1,RB,,457,,
,S1,RB,,458,,
,S1,RB,,459,,
,S1,RB,,460,,
,S1,RB,,461,,
,S1,RB,,462,,
,S1,RB,,463,,
,S1,RB,,464,,
,S1,RB,,465,,
,S1,RB,,466,,
,S1,RB,,467,,
,S1,RB,,468,,
,S1,RB,,469,,
,S1,RB,,470,,
,S1,RB,,471,,
,S1,RB,,472,,
,S1,RB,,473,,
,S1,RB,,474,,
,S1,RB,,475,,
,S1,RB,,476,,
,S1,RB,,477,,
,S1,RB,,478,,
,S1,RB,,479,,
,S1,RB,,480,,
,S1,RB,,481,,
,S1,RB,,482,,
,S1,RB,,483,,
,S1,RB,,484,,
,S1,RB,,485,,
,S1,RB,,486,,
,S1,RB,,487,,
,S1,RB,,488,,
,S1,RB,,489,,
,S1,RB,,490,,
,S1,RB,,491,,
,S1,RB,,492,,
,S1,RB,,493,,
,S1,RB,,494,,
,S1,RB,,495,,
,S1,RB,,496,,
,S1,RB,,497,,
,S1,RB,,498,,
,S1,RB,,499,,
,S1,RB,,500,,
,S1,RB,,501,,
,S1,RB,,502,,
,S1,RB,,503,,
,S1,RB,,504,,
,S1,RB,,505,,
,S1,RB,,506,,
,S1,RB,,507,,
,S1,RB,,508,,
,S1,RB,,509,,
,S1,RB,,510,,
,S1,RB,,511,,
,S1,RB,,512,,
,S1,RB,,513,,
,S1,RB,,514,,
,S1,RB,,515,,
,S1,RB,,516,,
,S1,D1,,517,,
,S1,D1,,518,,
,S1,D1,,519,,
,S1,D1,,520,,
,S1,D1,,521,,
,S1,D1,,522,,
,S1,D1,,523,,
,S1,D1,,524,,
,S1,D1,,525,,
,S1,D1,,526,,
,S1,D1,,527,,
,S1,D1,,528,,
,S1,D1,,529,,
,S1,D1,,530,,
,S1,D1,,531,,
,S1,D1,,532,,
,S1,D1,,533,,
,S1,D1,,534,,
,S1,D1,,535,,
,S1,D1,,536,,
,S1,D1,,537,,
,S1,D1,,538,,
,S1,D1,,539,,
,S1,D1,,540,,
,S1,D1,,541,,
,S1,D1,,542,,
,S1,D1,,543,,
,S1,D1,,544,,
,S1,D1,,545,,
,S1,D1,,546,,
,S1,D1,,547,,
,S1,D1,,548,,
,S1,D1,,549,,
,S1,D1,,550,,
,S1,D1,,551,,
,S1,D1,,552,,
,S1,D1,,553,,
,S1,D1,,554,,
,S1,D1,,555,,
,S1,D1,,556,,
,S1,D1,,557,,
,S1,D1,,558,,
,S1,D1,,559,,
,S1,D1,,560,,
,S1,D1,,561,,
,S1,D1,,562,,
,S1,D1,,563,,
,S1,D1,,564,,
,S1,D1,,565,,
,S1,D1,,566,,
,S1,D1,,567,,
,S1,D1,,568,,
,S1,D1,,569,,
,S1,D1,,570,,
,S1,D1,,571,,
,S1,D1,,572,,
,S1,D1,,573,,
,S1,D1,,574,,
,S1,D1,,575,,
,S1,D1,,576,,
,S1,D1,,577,,
,S1,D1,,578,,
,S1,D1,,579,,
,S1,D1,,580,,
,S1,D1,,581,,
,S1,D1,,582,,
,S1,D1,,583,,
,S1,D1,,584,,
,S1,D1,,585,,
,S1,D1,,586,,
,S1,D1,,587,,
,S1,D1,,588,,
,S1,D2,,589,,
,S1,D2,,590,,
,S1,D2,,591,,
,S1,D2,,592,,
,S1,D2,,593,,
,S1,D2,,594,,
,S1,D2,,595,,
,S1,D2,,596,,
,S1,D2,,597,,
,S1,D2,,598,,
,S1,D2,,599,,
,S1,D2,,600,,
,S1,D2,,601,,
,S1,D2,,602,,
,S1,D2,,603,,
,S1,D2,,604,,
,S1,D2,,605,,
,S1,D2,,606,,
,S1,D2,,607,,
,S1,D2,,608,,
,S1,D2,,609,,
,S1,D2,,610,,
,S1,D2,,611,,
,S1,D2,,612,,
,S1,D2,,613,,
,S1,D2,,614,,
,S1,D2,,615,,
,S1,D2,,616,,
,S1,D2,,617,,
,S1,D2,,618,,
,S1,D2,,619,,
,S1,D2,,620,,
,S1,D2,,621,,
,S1,D2,,622,,
,S1,D2,,623,,
,S1,D2,,624,,
,S1,D2,,625,,
,S1,D2,,626,,
,S1,D2,,627,,
,S1,D2,,628,,
,S1,D2,,629,,
,S1,D2,,630,,
,S1,D2,,631,,
,S1,D2,,632,,
,S1,D2,,633,,
,S1,D2,,634,,
,S1,D2,,635,,
,S1,D2,,636,,
,S1,D2,,637,,
,S1,D2,,638,,
,S1,D2,,639,,
,S1,D2,,640,,
,S1,D2,,641,,
,S1,D2,,642,,
,S1,D2,,643,,
,S1,D2,,644,,
,S1,D2,,645,,
,S1,D2,,646,,
,S1,D2,,647,,
,S1,D2,,648,,
,S1,D2,,649,,
,S1,D2,,650,,
,S1,D2,,651,,
,S1,D2,,652,,
,S1,D2,,653,,
,S1,D2,,654,,
,S1,D2,,655,,
,S1,D2,,656,,
,S1,D2,,657,,
,S1,D2,,658,,
,S1,D2,,659,,
,S1,D2,,660,,
,S1,D2,,661,,
,S1,D2,,662,,
,S1,D2,,663,,
,S1,D2,,664,,
,S1,D2,,665,,
,S1,D2,,666,,
,S1,D2,,667,,
,S1,D2,,668,,
,S1,D2,,669,,
,S1,D2,,670,,
,S1,D2,,671,,
,S1,D2,,672,,
,S1,D2,,673,,
,S1,D2,,674,,
,S1,D2,,675,,
,S1,D2,,676,,
,S1,D2,,677,,
,S1,D2,,678,,
,S1,D2,,679,,
,S1,D2,,680,,
,S1,D2,,681,,
,S1,D2,,682,,
,S1,D2,,683,,
,S1,D2,,684,,
,S1,D2,,685,,
,S2,,,686,,
,S2,,,687,,
,S2,,,688,,
,S2,,,689,,
,S2,,,690,,
,S2,,,691,,
,S2,,,692,,
,S2,,,693,,
,S2,,,694,,
,S2,,,695,,
,S2,,,696,,
,S2,,,697,,
,S2,,,698,,
,S2,,,699,,
,S2,,,700,,
,S2,,,701,,
,S2,,,702,,
,S2,,,703,,
,S2,,,704,,
,S2,,,705,,
,S2,,,706,,
,S2,,,707,,
,S2,,,708,,
,S2,,,709,,
,S2,,,710,,
,S2,,,711,,
,S2,,,712,,
,S2,,,713,,
,S2,,,714,,
,S2,,,715,,
,S2,,,716,,
,S2,,,717,,
,S2,,,718,,
,S2,,,719,,
,S2,,,720,,
,S2,,,721,,
,S2,,,722,,
,S2,,,723,,
,S2,,,724,,
,S2,,,725,,
,S2,,,726,,
,S2,,,727,,
,S2,,,728,,
,S2,,,729,,
,S2,,,730,,
,S2,,,731,,
,S2,,,732,,
,S2,,,733,,
,S2,,,734,,
,S2,,,735,,
,S2,,,736,,
,S2,,,737,,
,S2,,,738,,
,S2,,,739,,
,S2,,,740,,
,S2,,,741,,
,S2,,,742,,
,S2,,,743,,
,S2,,,744,,
,S2,,,745,,
,S2,,,746,,
,S2,,,747,,
,S2,,,748,,
,S2,,,749,,
,S2,,,750,,
,S2,,,751,,
,S2,,,752,,
,S2,,,753,,
,S2,,,754,,
,S2,,,755,,
,S2,,,756,,
,S2,,,757,,
,S2,,,758,,
,S2,,,759,,
,S2,,,760,,
,S2,,,761,,
,S2,,,762,,
,S2,,,763,,
,S2,,,764,,
,S2,,,765,,
,S2,,,766,,
,S2,,,767,,
,S2,,,768,,
,S2,,,769,,
,S2,,,770,,
,S2,,,771,,
,S2,,,772,,
,S2,,,773,,
,S2,,,774,,
,S2,,,775,,
,S2,,,776,,
,S2,,,777,,
,S2,,,778,,
,S2,,,779,,
,S2,,,780,,
,S2,,,781,,
,S2,,,782,,
,S2,,,783,,
,S2,,,784,,
,S2,,,785,,
,S2,,,786,,
,S2,,,787,,
,S2,,,788,,
,S2,,,789,,
,S2,,,790,,
,S2,,,791,,
,S2,,,792,,
,S2,,,793,,
,S2,,,794,,
,S2,,,795,,
,S2,,,796,,
,S2,,,797,,
,S2,,,798,,
,S2,,,799,,
,S2,,,800,,
,S2,,,801,,
,S2,,,802,,
,S2,,,803,,
,S2,,,804,,
,S2,,,805,,
,S2,,,806,,
,S2,,,807,,
,S2,,,808,,
,S2,,,809,,
,S2,,,810,,
,S2,,,811,,
,S2,,,812,,
,S2,,,813,,
,S2,,,814,,
,S2,,,815,,
,S2,FP,,816,,
,S2,FP,,817,,
,S2,FP,,818,,
,S2,FP,,819,,
,S2,FP,,820,,
,S2,FP,,821,,
,S2,FP,,822,,
,S2,FP,,823,,
,S2,FP,,824,,
,S2,FP,,825,,
,S2,FP,,826,,
,S2,FP,,827,,
,S2,FP,,828,,
,S2,FP,,829,,
,S2,FP,,830,,
,S2,FP,,831,,
,S2,FP,,832,,
,S2,FP,,833,,
,S2,,,834,,
,S2,,,835,,
,S2,,,836,,
,S2,,,837,,
,S2,,,838,,
,S2,,,839,,
,S2,,,840,,
,S2,,,841,,
,S2,,,842,,
,S2,,,843,,
,S2,,,844,,
,S2,,,845,,
,S2,,,846,,
,S2,,,847,,
,S2,,,848,,
,S2,,,849,,
,S2,,,850,,
,S2,,,851,,
,S2,,,852,,
,S2,,,853,,
,S2,,,854,,
,S2,,,855,,
,S2,,,856,,
,S2,,,857,,
,S2,,,858,,
,S2,,,859,,
,S2,,,860,,
,S2,,,861,,
,S2,,,862,,
,S2,,,863,,
,S2,,,864,,
,S2,,,865,,
,S2,,,866,,
,S2,,,867,,
,S2,,,868,,
,S2,,,869,,
,S2,,,870,,
,S2,,,871,,
,S2,,,872,,
,S2,,,873,,
,S2,,,874,,
,S2,,,875,,
,S2,,,876,,
,S2,,,877,,
,S2,,,878,,
,S2,,,879,,
,S2,,,880,,
,S2,,,881,,
,S2,,,882,,
,S2,,,883,,
,S2,,,884,,
,S2,,,885,,
,S2,,,886,,
,S2,,,887,,
,S2,,,888,,
,S2,,,889,,
,S2,,,890,,
,S2,,,891,,
,S2,,,892,,
,S2,,,893,,
,S2,,,894,,
,S2,,,895,,
,S2,,,896,,
,S2,,,897,,
,S2,,,898,,
,S2,,,899,,
,S2,,,900,,
,S2,,,901,,
,S2,,,902,,
,S2,,,903,,
,S2,,,904,,
,S2,,,905,,
,S2,,,906,,
,S2,,,907,,
,S2,HR1,,908,,
,S2,HR1,,909,,
,S2,HR1,,910,,
,S2,HR1,,911,,
,S2,HR1,,912,,
,S2,HR1,,913,,
,S2,HR1,,914,,
,S2,HR1,,915,,
,S2,HR1,,916,,
,S2,HR1,,917,,
,S2,HR1,,918,,
,S2,HR1,,919,,
,S2,HR1,,920,,
,S2,HR1,,921,,
,S2,HR1,,922,,
,S2,HR1,,923,,
,S2,HR1,,924,,
,S2,HR1,,925,,
,S2,HR1,,926,,
,S2,HR1,,927,,
,S2,HR1,,928,,
,S2,HR1,,929,,
,S2,HR1,,930,,
,S2,HR1,,931,,
,S2,HR1,,932,,
,S2,HR1,,933,,
,S2,HR1,,934,,
,S2,HR1,,935,,
,S2,HR1,,936,,
,S2,HR1,,937,,
,S2,HR1,,938,,
,S2,HR1,,939,,
,S2,HR1,,940,,
,S2,HR1,,941,,
,S2,HR1,,942,,
,S2,HR1,,943,,
,S2,HR1,,944,,
,S2,HR1,,945,,
,S2,HR1,,946,,
,S2,HR1,,947,,
,S2,HR1,,948,,
,S2,HR1,,949,,
,S2,HR1,,950,,
,S2,HR1,,951,,
,S2,HR1,,952,,
,S2,HR1,,953,,
,S2,HR1,,954,,
,S2,HR1,,955,,
,S2,HR1,,956,,
,S2,HR1,,957,,
,S2,HR1,,958,,
,S2,HR1,,959,,
,S2,HR1,,960,,
,S2,HR1,,961,,
,S2,HR1,,962,,
,S2,HR1,,963,,
,S2,HR1,,964,,
,S2,HR1,,965,,
,S2,HR1,,966,,
,S2,HR1,,967,,
,S2,HR1,,968,,
,S2,HR1,,969,,
,S2,HR1,,970,,
,S2,HR1,,971,,
,S2,HR1,,972,,
,S2,HR1,,973,,
,S2,HR1,,974,,
,S2,HR1,,975,,
,S2,HR1,,976,,
,S2,HR1,,977,,
,S2,HR1,,978,,
,S2,HR1,,979,,
,S2,HR1,,980,,
,S2,HR1,,981,,
,S2,HR1,,982,,
,S2,HR1,,983,,
,S2,HR1,,984,,
,S2,HR1,,985,,
,S2,HR1,,986,,
,S2,,,987,,
,S2,,,988,,
,S2,,,989,,
,S2,,,990,,
,S2,,,991,,
,S2,,,992,,
,S2,,,993,,
,S2,,,994,,
,S2,,,995,,
,S2,,,996,,
,S2,,,997,,
,S2,,,998,,
,S2,,,999,,
,S2,,,1000,,
,S2,,,1001,,
,S2,,,1002,,
,S2,,,1003,,
,S2,,,1004,,
,S2,,,1005,,
,S2,,,1006,,
,S2,,,1007,,
,S2,,,1008,,
,S2,,,1009,,
,S2,,,1010,,
,S2,,,1011,,
,S2,,,1012,,
,S2,,,1013,,
,S2,,,1014,,
,S2,,,1015,,
,S2,,,1016,,
,S2,,,1017,,
,S2,,,1018,,
,S2,,,1019,,
,S2,,,1020,,
,S2,,,1021,,
,S2,,,1022,,
,S2,,,1023,,
,S2,,,1024,,
,S2,,,1025,,
,S2,,,1026,,
,S2,,,1027,,
,S2,,,1028,,
,S2,,,1029,,
,S2,,,1030,,
,S2,,,1031,,
,S2,,,1032,,
,S2,,,1033,,
,S2,,,1034,,
,S2,,,1035,,
,S2,,,1036,,
,S2,,,1037,,
,S2,,,1038,,
,S2,,,1039,,
,S2,,,1040,,
,S2,,,1041,,
,S2,,,1042,,
,S2,,,1043,,
,S2,,,1044,,
,S2,,,1045,,
,S2,,,1046,,
,S2,,,1047,,
,S2,,,1048,,
,S2,,,1049,,
,S2,,,1050,,
,S2,,,1051,,
,S2,,,1052,,
,S2,,,1053,,
,S2,,,1054,,
,S2,,,1055,,
,S2,,,1056,,
,S2,,,1057,,
,S2,,,1058,,
,S2,,,1059,,
,S2,,,1060,,
,S2,,,1061,,
,S2,,,1062,,
,S2,,,1063,,
,S2,,,1064,,
,S2,,,1065,,
,S2,,,1066,,
,S2,,,1067,,
,S2,,,1068,,
,S2,,,1069,,
,S2,,,1070,,
,S2,,,1071,,
,S2,,,1072,,
,S2,,,1073,,
,S2,,,1074,,
,S2,,,1075,,
,S2,,,1076,,
,S2,,,1077,,
,S2,,,1078,,
,S2,,,1079,,
,S2,,,1080,,
,S2,,,1081,,
,S2,,,1082,,
,S2,,,1083,,
,S2,,,1084,,
,S2,,,1085,,
,S2,,,1086,,
,S2,,,1087,,
,S2,,,1088,,
,S2,,,1089,,
,S2,,,1090,,
,S2,,,1091,,
,S2,,,1092,,
,S2,,,1093,,
,S2,,,1094,,
,S2,,,1095,,
,S2,,,1096,,
,S2,,,1097,,
,S2,,,1098,,
,S2,,,1099,,
,S2,,,1100,,
,S2,,,1101,,
,S2,,,1102,,
,S2,,,1103,,
,S2,,,1104,,
,S2,,,1105,,
,S2,,,1106,,
,S2,,,1107,,
,S2,,,1108,,
,S2,,,1109,,
,S2,,,1110,,
,S2,,,1111,,
,S2,,,1112,,
,S2,,,1113,,
,S2,,,1114,,
,S2,,,1115,,
,S2,,,1116,,
,S2,,,1117,,
,S2,,,1118,,
,S2,,,1119,,
,S2,,,1120,,
,S2,,,1121,,
,S2,,,1122,,
,S2,,,1123,,
,S2,,,1124,,
,S2,,,1125,,
,S2,,,1126,,
,S2,,,1127,,
,S2,,,1128,,
,S2,,,1129,,
,S2,,,1130,,
,S2,,,1131,,
,S2,,,1132,,
,S2,,,1133,,
,S2,,,1134,,
,S2,,,1135,,
,S2,,,1136,,
,S2,,,1137,,
,S2,,,1138,,
,S2,,,1139,,
,S2,,,1140,,
,S2,,,1141,,
,S2,,,1142,,
,S2,,,1143,,
,S2,,,1144,,
,S2,,,1145,,
,S2,,,1146,,
,S2,,,1147,,
,S2,,,1148,,
,S2,,,1149,,
,S2,,,1150,,