protein,ccn,frag_or_no
CCL1,NTc.Cm1,fragment
CCL1,NTc.Cm2,fragment
CCL1,NTc.Cm3,fragment
CCL1,NTc.Cm4,fragment
CCL1,NTc.Cm5,fragment
CCL1,NTc.Cm6,fragment
CCL1,NTc.Cm7,fragment
CCL1,NTc.Cm8,fragment
CCL1,NTc.Cm9,motif
CCL11,NTc.Cm10,fragment
CCL11,NTc.Cm3,fragment
CCL11,NTc.Cm4,fragment
CCL11,NTc.Cm5,fragment
CCL11,NTc.Cm6,fragment
CCL11,NTc.Cm7,fragment
CCL11,NTc.Cm8,fragment
CCL11,NTc.Cm9,fragment
CCL13,NTc.Cm1,motif
CCL13,NTc.Cm10,motif
CCL13,NTc.Cm11,motif
CCL13,NTc.Cm12,motif
CCL13,NTc.Cm13,motif
CCL13,NTc.Cm14,motif
CCL13,NTc.Cm15,motif
CCL13,NTc.Cm16,motif
CCL13,NTc.Cm17,motif
CCL13,NTc.Cm2,motif
CCL13,NTc.Cm3,motif
CCL13,NTc.Cm4,motif
CCL13,NTc.Cm5,motif
CCL13,NTc.Cm6,motif
CCL13,NTc.Cm7,motif
CCL13,NTc.Cm8,motif
CCL13,NTc.Cm9,motif
CCL14,NTc.Cm1,fragment
CCL14,NTc.Cm10,fragment
CCL14,NTc.Cm11,fragment
CCL14,NTc.Cm12,fragment
CCL14,NTc.Cm13,fragment
CCL14,NTc.Cm14,fragment
CCL14,NTc.Cm15,fragment
CCL14,NTc.Cm16,fragment
CCL14,NTc.Cm17,fragment
CCL14,NTc.Cm18,fragment
CCL14,NTc.Cm19,fragment
CCL14,NTc.Cm2,fragment
CCL14,NTc.Cm20,fragment
CCL14,NTc.Cm21,fragment
CCL14,NTc.Cm22,fragment
CCL14,NTc.Cm23,fragment
CCL14,NTc.Cm24,fragment
CCL14,NTc.Cm25,fragment
CCL14,NTc.Cm26,fragment
CCL14,NTc.Cm27,fragment
CCL14,NTc.Cm28,fragment
CCL14,NTc.Cm29,fragment
CCL14,NTc.Cm3,fragment
CCL14,NTc.Cm30,fragment
CCL14,NTc.Cm31,fragment
CCL14,NTc.Cm4,fragment
CCL14,NTc.Cm5,motif
CCL14,NTc.Cm6,fragment
CCL14,NTc.Cm7,fragment
CCL14,NTc.Cm8,fragment
CCL14,NTc.Cm9,fragment
CCL15,NTc.Cm1,fragment
CCL15,NTc.Cm10,fragment
CCL15,NTc.Cm11,motif
CCL15,NTc.Cm12,fragment
CCL15,NTc.Cm13,fragment
CCL15,NTc.Cm14,fragment
CCL15,NTc.Cm15,fragment
CCL15,NTc.Cm16,fragment
CCL15,NTc.Cm17,fragment
CCL15,NTc.Cm18,fragment
CCL15,NTc.Cm19,fragment
CCL15,NTc.Cm2,fragment
CCL15,NTc.Cm20,fragment
CCL15,NTc.Cm21,fragment
CCL15,NTc.Cm22,fragment
CCL15,NTc.Cm23,motif
CCL15,NTc.Cm24,motif
CCL15,NTc.Cm25,motif
CCL15,NTc.Cm26,motif
CCL15,NTc.Cm27,motif
CCL15,NTc.Cm28,fragment
CCL15,NTc.Cm29,fragment
CCL15,NTc.Cm3,fragment
CCL15,NTc.Cm30,fragment
CCL15,NTc.Cm31,fragment
CCL15,NTc.Cm4,fragment
CCL15,NTc.Cm5,fragment
CCL15,NTc.Cm6,fragment
CCL15,NTc.Cm7,fragment
CCL15,NTc.Cm8,fragment
CCL15,NTc.Cm9,fragment
CCL16,NTc.Cm1,fragment
CCL16,NTc.Cm10,fragment
CCL16,NTc.Cm11,fragment
CCL16,NTc.Cm12,fragment
CCL16,NTc.Cm13,motif
CCL16,NTc.Cm2,fragment
CCL16,NTc.Cm3,fragment
CCL16,NTc.Cm4,fragment
CCL16,NTc.Cm5,fragment
CCL16,NTc.Cm6,fragment
CCL16,NTc.Cm7,fragment
CCL16,NTc.Cm8,fragment
CCL16,NTc.Cm9,fragment
CCL17,NTc.Cm1,motif
CCL17,NTc.Cm2,motif
CCL17,NTc.Cm3,motif
CCL17,NTc.Cm4,motif
CCL17,NTc.Cm5,fragment
CCL17,NTc.Cm6,fragment
CCL17,NTc.Cm7,fragment
CCL17,NTc.Cm8,fragment
CCL17,NTc.Cm9,fragment
CCL18,NTc.Cm1,fragment
CCL18,NTc.Cm2,fragment
CCL18,NTc.Cm3,fragment
CCL18,NTc.Cm4,fragment
CCL18,NTc.Cm5,fragment
CCL18,NTc.Cm6,fragment
CCL18,NTc.Cm7,fragment
CCL18,NTc.Cm8,fragment
CCL18,NTc.Cm9,fragment
CCL19,NTc.Cm1,motif
CCL19,NTc.Cm2,motif
CCL19,NTc.Cm3,motif
CCL19,NTc.Cm4,fragment
CCL19,NTc.Cm5,fragment
CCL19,NTc.Cm6,fragment
CCL19,NTc.Cm7,fragment
CCL2,NTc.Cm1,motif
CCL2,NTc.Cm10,motif
CCL2,NTc.Cm2,fragment
CCL2,NTc.Cm3,fragment
CCL2,NTc.Cm4,fragment
CCL2,NTc.Cm5,fragment
CCL2,NTc.Cm6,fragment
CCL2,NTc.Cm7,motif
CCL2,NTc.Cm8,motif
CCL2,NTc.Cm9,motif
CCL20,NTc.Cm1,motif
CCL20,NTc.Cm2,fragment
CCL20,NTc.Cm3,fragment
CCL20,NTc.Cm4,fragment
CCL20,NTc.Cm5,fragment
CCL21,NTc.Cm1,motif
CCL21,NTc.Cm2,motif
CCL21,NTc.Cm3,motif
CCL21,NTc.Cm4,motif
CCL21,NTc.Cm5,motif
CCL21,NTc.Cm6,motif
CCL21,NTc.Cm7,motif
CCL22,NTc.Cm1,motif
CCL22,NTc.Cm10,motif
CCL22,NTc.Cm11,motif
CCL22,NTc.Cm2,motif
CCL22,NTc.Cm3,fragment
CCL22,NTc.Cm4,fragment
CCL22,NTc.Cm5,fragment
CCL22,NTc.Cm6,fragment
CCL22,NTc.Cm7,fragment
CCL22,NTc.Cm8,motif
CCL22,NTc.Cm9,motif
CCL23,NTc.Cm1,fragment
CCL23,NTc.Cm10,fragment
CCL23,NTc.Cm11,fragment
CCL23,NTc.Cm12,fragment
CCL23,NTc.Cm13,fragment
CCL23,NTc.Cm14,fragment
CCL23,NTc.Cm15,fragment
CCL23,NTc.Cm16,fragment
CCL23,NTc.Cm17,fragment
CCL23,NTc.Cm18,fragment
CCL23,NTc.Cm19,fragment
CCL23,NTc.Cm2,fragment
CCL23,NTc.Cm20,fragment
CCL23,NTc.Cm21,fragment
CCL23,NTc.Cm22,fragment
CCL23,NTc.Cm23,fragment
CCL23,NTc.Cm24,fragment
CCL23,NTc.Cm25,fragment
CCL23,NTc.Cm26,fragment
CCL23,NTc.Cm27,fragment
CCL23,NTc.Cm28,fragment
CCL23,NTc.Cm29,fragment
CCL23,NTc.Cm3,fragment
CCL23,NTc.Cm30,fragment
CCL23,NTc.Cm31,fragment
CCL23,NTc.Cm32,fragment
CCL23,NTc.Cm33,fragment
CCL23,NTc.Cm34,fragment
CCL23,NTc.Cm35,fragment
CCL23,NTc.Cm36,fragment
CCL23,NTc.Cm37,fragment
CCL23,NTc.Cm38,fragment
CCL23,NTc.Cm39,fragment
CCL23,NTc.Cm4,fragment
CCL23,NTc.Cm40,fragment
CCL23,NTc.Cm41,fragment
CCL23,NTc.Cm42,fragment
CCL23,NTc.Cm43,fragment
CCL23,NTc.Cm44,fragment
CCL23,NTc.Cm45,fragment
CCL23,NTc.Cm46,fragment
CCL23,NTc.Cm47,fragment
CCL23,NTc.Cm48,fragment
CCL23,NTc.Cm49,fragment
CCL23,NTc.Cm5,fragment
CCL23,NTc.Cm6,fragment
CCL23,NTc.Cm7,fragment
CCL23,NTc.Cm8,fragment
CCL23,NTc.Cm9,fragment
CCL24,NTc.Cm1,fragment
CCL24,NTc.Cm2,fragment
CCL24,NTc.Cm3,fragment
CCL24,NTc.Cm4,fragment
CCL24,NTc.Cm5,fragment
CCL24,NTc.Cm6,fragment
CCL25,NTc.Cm1,motif
CCL25,NTc.Cm2,fragment
CCL25,NTc.Cm3,fragment
CCL25,NTc.Cm4,fragment
CCL25,NTc.Cm5,fragment
CCL25,NTc.Cm6,motif
CCL26,NTc.Cm1,fragment
CCL26,NTc.Cm2,fragment
CCL26,NTc.Cm3,fragment
CCL26,NTc.Cm4,fragment
CCL26,NTc.Cm5,fragment
CCL26,NTc.Cm6,fragment
CCL26,NTc.Cm7,fragment
CCL26,NTc.Cm8,fragment
CCL26,NTc.Cm9,motif
CCL27,NTc.Cm1,fragment
CCL27,NTc.Cm2,fragment
CCL27,NTc.Cm3,fragment
CCL27,NTc.Cm4,motif
CCL27,NTc.Cm5,fragment
CCL27,NTc.Cm6,fragment
CCL27,NTc.Cm7,fragment
CCL27,NTc.Cm8,fragment
CCL28,NTc.Cm1,motif
CCL28,NTc.Cm10,fragment
CCL28,NTc.Cm2,motif
CCL28,NTc.Cm3,motif
CCL28,NTc.Cm4,motif
CCL28,NTc.Cm5,motif
CCL28,NTc.Cm6,motif
CCL28,NTc.Cm7,motif
CCL28,NTc.Cm8,fragment
CCL28,NTc.Cm9,fragment
CCL3,NTc.Cm1,motif
CCL3,NTc.Cm2,motif
CCL3,NTc.Cm3,fragment
CCL3,NTc.Cm4,fragment
CCL3,NTc.Cm5,fragment
CCL3,NTc.Cm6,fragment
CCL3,NTc.Cm7,fragment
CCL3,NTc.Cm8,fragment
CCL3,NTc.Cm9,fragment
CCL3L1,NTc.Cm1,motif
CCL3L1,NTc.Cm10,fragment
CCL3L1,NTc.Cm2,motif
CCL3L1,NTc.Cm3,motif
CCL3L1,NTc.Cm4,motif
CCL3L1,NTc.Cm5,motif
CCL3L1,NTc.Cm6,fragment
CCL3L1,NTc.Cm7,fragment
CCL3L1,NTc.Cm8,fragment
CCL3L1,NTc.Cm9,fragment
CCL4,NTc.Cm1,motif
CCL4,NTc.Cm10,motif
CCL4,NTc.Cm2,motif
CCL4,NTc.Cm3,motif
CCL4,NTc.Cm4,motif
CCL4,NTc.Cm5,motif
CCL4,NTc.Cm6,motif
CCL4,NTc.Cm7,motif
CCL4,NTc.Cm8,motif
CCL4,NTc.Cm9,motif
CCL5,NTc.Cm1,motif
CCL5,NTc.Cm2,motif
CCL5,NTc.Cm3,motif
CCL5,NTc.Cm4,fragment
CCL5,NTc.Cm5,fragment
CCL5,NTc.Cm6,fragment
CCL5,NTc.Cm7,fragment
CCL5,NTc.Cm8,fragment
CCL5,NTc.Cm9,motif
CCL7,NTc.Cm1,motif
CCL7,NTc.Cm10,fragment
CCL7,NTc.Cm2,motif
CCL7,NTc.Cm3,motif
CCL7,NTc.Cm4,motif
CCL7,NTc.Cm5,motif
CCL7,NTc.Cm6,fragment
CCL7,NTc.Cm7,fragment
CCL7,NTc.Cm8,fragment
CCL7,NTc.Cm9,fragment
CCL8,NTc.Cm1,motif
CCL8,NTc.Cm10,motif
CCL8,NTc.Cm2,motif
CCL8,NTc.Cm3,motif
CCL8,NTc.Cm4,motif
CCL8,NTc.Cm5,motif
CCL8,NTc.Cm6,motif
CCL8,NTc.Cm7,motif
CCL8,NTc.Cm8,motif
CCL8,NTc.Cm9,motif
CX3CL1,NTc.Cm1,fragment
CX3CL1,NTc.Cm2,fragment
CX3CL1,NTc.Cm3,fragment
CX3CL1,NTc.Cm4,fragment
CX3CL1,NTc.Cm5,fragment
CX3CL1,NTc.Cm6,fragment
CX3CL1,NTc.Cm7,fragment
CXCL1,NTc.Cm1,motif
CXCL1,NTc.Cm2,motif
CXCL1,NTc.Cm3,motif
CXCL1,NTc.Cm4,motif
CXCL1,NTc.Cm5,motif
CXCL1,NTc.Cm6,motif
CXCL1,NTc.Cm7,motif
CXCL1,NTc.Cm8,motif
CXCL10,NTc.Cm1,fragment
CXCL10,NTc.Cm2,fragment
CXCL10,NTc.Cm3,fragment
CXCL10,NTc.Cm4,fragment
CXCL10,NTc.Cm5,motif
CXCL10,NTc.Cm6,fragment
CXCL10,NTc.Cm7,fragment
CXCL10,NTc.Cm8,fragment
CXCL11,NTc.Cm1,fragment
CXCL11,NTc.Cm2,fragment
CXCL11,NTc.Cm3,fragment
CXCL11,NTc.Cm4,fragment
CXCL11,NTc.Cm5,fragment
CXCL11,NTc.Cm6,motif
CXCL11,NTc.Cm7,motif
CXCL11,NTc.Cm8,motif
CXCL12,NTc.Cm1,motif
CXCL12,NTc.Cm2,motif
CXCL12,NTc.Cm3,motif
CXCL12,NTc.Cm4,motif
CXCL12,NTc.Cm5,motif
CXCL12,NTc.Cm6,motif
CXCL12,NTc.Cm7,motif
CXCL12,NTc.Cm8,motif
CXCL13,NTc.Cm1,fragment
CXCL13,NTc.Cm10,motif
CXCL13,NTc.Cm2,fragment
CXCL13,NTc.Cm3,fragment
CXCL13,NTc.Cm4,fragment
CXCL13,NTc.Cm5,fragment
CXCL13,NTc.Cm6,fragment
CXCL13,NTc.Cm7,fragment
CXCL13,NTc.Cm8,fragment
CXCL13,NTc.Cm9,fragment
CXCL16,NTc.Cm1,motif
CXCL16,NTc.Cm2,fragment
CXCL16,NTc.Cm3,fragment
CXCL16,NTc.Cm4,fragment
CXCL16,NTc.Cm5,fragment
CXCL16,NTc.Cm6,motif
CXCL16,NTc.Cm7,motif
CXCL16,NTc.Cm8,motif
CXCL17,NTc.Cm1,motif
CXCL17,NTc.Cm10,fragment
CXCL17,NTc.Cm11,fragment
CXCL17,NTc.Cm12,fragment
CXCL17,NTc.Cm13,fragment
CXCL17,NTc.Cm14,fragment
CXCL17,NTc.Cm15,fragment
CXCL17,NTc.Cm16,fragment
CXCL17,NTc.Cm17,fragment
CXCL17,NTc.Cm18,motif
CXCL17,NTc.Cm19,motif
CXCL17,NTc.Cm2,motif
CXCL17,NTc.Cm20,motif
CXCL17,NTc.Cm21,motif
CXCL17,NTc.Cm22,motif
CXCL17,NTc.Cm23,motif
CXCL17,NTc.Cm24,fragment
CXCL17,NTc.Cm25,fragment
CXCL17,NTc.Cm26,fragment
CXCL17,NTc.Cm27,fragment
CXCL17,NTc.Cm28,fragment
CXCL17,NTc.Cm3,motif
CXCL17,NTc.Cm4,fragment
CXCL17,NTc.Cm5,fragment
CXCL17,NTc.Cm6,fragment
CXCL17,NTc.Cm7,motif
CXCL17,NTc.Cm8,fragment
CXCL17,NTc.Cm9,fragment
CXCL2,NTc.Cm1,motif
CXCL2,NTc.Cm2,motif
CXCL2,NTc.Cm3,motif
CXCL2,NTc.Cm4,motif
CXCL2,NTc.Cm5,motif
CXCL2,NTc.Cm6,motif
CXCL2,NTc.Cm7,motif
CXCL2,NTc.Cm8,motif
CXCL3,NTc.Cm1,motif
CXCL3,NTc.Cm2,motif
CXCL3,NTc.Cm3,motif
CXCL3,NTc.Cm4,motif
CXCL3,NTc.Cm5,motif
CXCL3,NTc.Cm6,motif
CXCL3,NTc.Cm7,motif
CXCL3,NTc.Cm8,motif
CXCL4,NTc.Cm1,motif
CXCL4,NTc.Cm2,motif
CXCL4,NTc.Cm3,motif
CXCL4,NTc.Cm4,motif
CXCL4,NTc.Cm5,motif
CXCL4,NTc.Cm6,motif
CXCL4,NTc.Cm7,motif
CXCL4,NTc.Cm8,motif
CXCL4,NTc.Cm9,motif
CXCL4L1,NTc.Cm1,motif
CXCL4L1,NTc.Cm10,fragment
CXCL4L1,NTc.Cm11,fragment
CXCL4L1,NTc.Cm12,fragment
CXCL4L1,NTc.Cm13,fragment
CXCL4L1,NTc.Cm2,motif
CXCL4L1,NTc.Cm3,motif
CXCL4L1,NTc.Cm4,motif
CXCL4L1,NTc.Cm5,motif
CXCL4L1,NTc.Cm6,motif
CXCL4L1,NTc.Cm7,motif
CXCL4L1,NTc.Cm8,motif
CXCL4L1,NTc.Cm9,fragment
CXCL5,NTc.Cm1,motif
CXCL5,NTc.Cm10,fragment
CXCL5,NTc.Cm11,fragment
CXCL5,NTc.Cm12,motif
CXCL5,NTc.Cm2,motif
CXCL5,NTc.Cm3,motif
CXCL5,NTc.Cm4,motif
CXCL5,NTc.Cm5,motif
CXCL5,NTc.Cm6,motif
CXCL5,NTc.Cm7,fragment
CXCL5,NTc.Cm8,fragment
CXCL5,NTc.Cm9,fragment
CXCL6,NTc.Cm1,motif
CXCL6,NTc.Cm10,motif
CXCL6,NTc.Cm11,motif
CXCL6,NTc.Cm2,motif
CXCL6,NTc.Cm3,motif
CXCL6,NTc.Cm4,motif
CXCL6,NTc.Cm5,motif
CXCL6,NTc.Cm6,motif
CXCL6,NTc.Cm7,motif
CXCL6,NTc.Cm8,motif
CXCL6,NTc.Cm9,motif
CXCL7,NTc.Cm1,motif
CXCL7,NTc.Cm10,fragment
CXCL7,NTc.Cm11,fragment
CXCL7,NTc.Cm12,fragment
CXCL7,NTc.Cm13,fragment
CXCL7,NTc.Cm14,fragment
CXCL7,NTc.Cm15,fragment
CXCL7,NTc.Cm16,fragment
CXCL7,NTc.Cm17,fragment
CXCL7,NTc.Cm18,fragment
CXCL7,NTc.Cm19,fragment
CXCL7,NTc.Cm2,fragment
CXCL7,NTc.Cm20,fragment
CXCL7,NTc.Cm21,fragment
CXCL7,NTc.Cm22,fragment
CXCL7,NTc.Cm23,fragment
CXCL7,NTc.Cm24,fragment
CXCL7,NTc.Cm25,fragment
CXCL7,NTc.Cm26,fragment
CXCL7,NTc.Cm27,fragment
CXCL7,NTc.Cm28,fragment
CXCL7,NTc.Cm3,fragment
CXCL7,NTc.Cm4,fragment
CXCL7,NTc.Cm5,fragment
CXCL7,NTc.Cm6,fragment
CXCL7,NTc.Cm7,fragment
CXCL7,NTc.Cm8,fragment
CXCL7,NTc.Cm9,fragment
CXCL8,NTc.Cm1,motif
CXCL8,NTc.Cm10,fragment
CXCL8,NTc.Cm11,motif
CXCL8,NTc.Cm2,fragment
CXCL8,NTc.Cm3,fragment
CXCL8,NTc.Cm4,fragment
CXCL8,NTc.Cm5,fragment
CXCL8,NTc.Cm6,fragment
CXCL8,NTc.Cm7,fragment
CXCL8,NTc.Cm8,fragment
CXCL8,NTc.Cm9,fragment
CXCL9,NTc.Cm1,fragment
CXCL9,NTc.Cm2,fragment
CXCL9,NTc.Cm3,fragment
CXCL9,NTc.Cm4,fragment
CXCL9,NTc.Cm5,fragment
CXCL9,NTc.Cm6,fragment
CXCL9,NTc.Cm7,fragment
CXCL9,NTc.Cm8,fragment
