protein,gn,frag_or_no
ACKR1,gnECL2.1,fragment
ACKR1,gnECL2.2,fragment
ACKR1,gnECL2.3,fragment
ACKR1,gnECL2.4,fragment
ACKR1,gnECL2.5,fragment
ACKR1,gnECL2.6,fragment
ACKR2,gnECL2.1,fragment
ACKR2,gnECL2.10,fragment
ACKR2,gnECL2.11,fragment
ACKR2,gnECL2.2,fragment
ACKR2,gnECL2.3,fragment
ACKR2,gnECL2.4,fragment
ACKR2,gnECL2.5,fragment
ACKR2,gnECL2.6,fragment
ACKR2,gnECL2.7,fragment
ACKR2,gnECL2.8,fragment
ACKR2,gnECL2.9,fragment
ACKR2,gnECL2.Cp3,motif
ACKR2,gnECL2.Cp4,motif
ACKR2,gnECL2.Cp5,motif
ACKR2,gnECL2.Cp6,motif
ACKR2,gnECL2.Cp7,motif
ACKR3,gnECL2.1,motif
ACKR3,gnECL2.10,motif
ACKR3,gnECL2.11,motif
ACKR3,gnECL2.12,motif
ACKR3,gnECL2.2,motif
ACKR3,gnECL2.3,motif
ACKR3,gnECL2.4,motif
ACKR3,gnECL2.5,motif
ACKR3,gnECL2.6,motif
ACKR3,gnECL2.7,motif
ACKR3,gnECL2.8,motif
ACKR3,gnECL2.9,motif
ACKR3,gnECL2.Cp10,fragment
ACKR3,gnECL2.Cp11,fragment
ACKR3,gnECL2.Cp3,motif
ACKR3,gnECL2.Cp4,motif
ACKR3,gnECL2.Cp5,motif
ACKR3,gnECL2.Cp6,motif
ACKR3,gnECL2.Cp7,fragment
ACKR3,gnECL2.Cp8,fragment
ACKR3,gnECL2.Cp9,fragment
ACKR4,gnECL2.1,motif
ACKR4,gnECL2.2,fragment
ACKR4,gnECL2.3,fragment
ACKR4,gnECL2.4,fragment
ACKR4,gnECL2.5,fragment
ACKR4,gnECL2.6,fragment
ACKR4,gnECL2.7,fragment
ACKR4,gnECL2.Cp10,motif
ACKR4,gnECL2.Cp3,motif
ACKR4,gnECL2.Cp4,fragment
ACKR4,gnECL2.Cp5,fragment
ACKR4,gnECL2.Cp6,fragment
ACKR4,gnECL2.Cp7,fragment
ACKR4,gnECL2.Cp8,fragment
ACKR4,gnECL2.Cp9,fragment
CCR1,gnECL2.1,motif
CCR1,gnECL2.10,fragment
CCR1,gnECL2.2,fragment
CCR1,gnECL2.3,fragment
CCR1,gnECL2.4,fragment
CCR1,gnECL2.5,fragment
CCR1,gnECL2.6,fragment
CCR1,gnECL2.7,fragment
CCR1,gnECL2.8,fragment
CCR1,gnECL2.9,fragment
CCR1,gnECL2.Cp3,motif
CCR1,gnECL2.Cp4,motif
CCR1,gnECL2.Cp5,fragment
CCR1,gnECL2.Cp6,fragment
CCR1,gnECL2.Cp7,fragment
CCR10,gnECL2.1,fragment
CCR10,gnECL2.10,motif
CCR10,gnECL2.2,fragment
CCR10,gnECL2.3,fragment
CCR10,gnECL2.4,fragment
CCR10,gnECL2.5,fragment
CCR10,gnECL2.6,fragment
CCR10,gnECL2.7,motif
CCR10,gnECL2.8,motif
CCR10,gnECL2.9,motif
CCR10,gnECL2.Cp10,motif
CCR10,gnECL2.Cp3,fragment
CCR10,gnECL2.Cp4,fragment
CCR10,gnECL2.Cp5,fragment
CCR10,gnECL2.Cp6,motif
CCR10,gnECL2.Cp7,motif
CCR10,gnECL2.Cp8,motif
CCR10,gnECL2.Cp9,motif
CCR2,gnECL2.1,fragment
CCR2,gnECL2.10,fragment
CCR2,gnECL2.2,fragment
CCR2,gnECL2.3,fragment
CCR2,gnECL2.4,fragment
CCR2,gnECL2.5,fragment
CCR2,gnECL2.6,fragment
CCR2,gnECL2.7,fragment
CCR2,gnECL2.8,fragment
CCR2,gnECL2.9,fragment
CCR3,gnECL2.1,fragment
CCR3,gnECL2.10,fragment
CCR3,gnECL2.2,fragment
CCR3,gnECL2.3,fragment
CCR3,gnECL2.4,fragment
CCR3,gnECL2.5,fragment
CCR3,gnECL2.6,fragment
CCR3,gnECL2.7,fragment
CCR3,gnECL2.8,fragment
CCR3,gnECL2.9,fragment
CCR3,gnECL2.Cp3,fragment
CCR3,gnECL2.Cp4,fragment
CCR3,gnECL2.Cp5,fragment
CCR3,gnECL2.Cp6,fragment
CCR3,gnECL2.Cp7,fragment
CCR4,gnECL2.1,motif
CCR4,gnECL2.10,motif
CCR4,gnECL2.2,motif
CCR4,gnECL2.3,motif
CCR4,gnECL2.4,motif
CCR4,gnECL2.5,motif
CCR4,gnECL2.6,motif
CCR4,gnECL2.7,motif
CCR4,gnECL2.8,motif
CCR4,gnECL2.9,motif
CCR4,gnECL2.Cp3,fragment
CCR4,gnECL2.Cp4,fragment
CCR4,gnECL2.Cp5,fragment
CCR4,gnECL2.Cp6,fragment
CCR5,gnECL2.1,motif
CCR5,gnECL2.10,fragment
CCR5,gnECL2.2,motif
CCR5,gnECL2.3,motif
CCR5,gnECL2.4,motif
CCR5,gnECL2.5,fragment
CCR5,gnECL2.6,fragment
CCR5,gnECL2.7,fragment
CCR5,gnECL2.8,fragment
CCR5,gnECL2.9,fragment
CCR5,gnECL2.Cp3,motif
CCR5,gnECL2.Cp4,fragment
CCR5,gnECL2.Cp5,fragment
CCR5,gnECL2.Cp6,fragment
CCR5,gnECL2.Cp7,fragment
CCR6,gnECL2.1,motif
CCR6,gnECL2.10,fragment
CCR6,gnECL2.2,fragment
CCR6,gnECL2.3,fragment
CCR6,gnECL2.4,fragment
CCR6,gnECL2.5,fragment
CCR6,gnECL2.6,fragment
CCR6,gnECL2.7,fragment
CCR6,gnECL2.8,fragment
CCR6,gnECL2.9,fragment
CCR6,gnECL2.Cp10,fragment
CCR6,gnECL2.Cp11,fragment
CCR6,gnECL2.Cp3,fragment
CCR6,gnECL2.Cp4,fragment
CCR6,gnECL2.Cp5,fragment
CCR6,gnECL2.Cp6,fragment
CCR6,gnECL2.Cp7,fragment
CCR6,gnECL2.Cp8,fragment
CCR6,gnECL2.Cp9,fragment
CCR7,gnECL2.1,fragment
CCR7,gnECL2.10,fragment
CCR7,gnECL2.11,fragment
CCR7,gnECL2.12,fragment
CCR7,gnECL2.2,fragment
CCR7,gnECL2.3,fragment
CCR7,gnECL2.4,fragment
CCR7,gnECL2.5,fragment
CCR7,gnECL2.6,fragment
CCR7,gnECL2.7,fragment
CCR7,gnECL2.8,fragment
CCR7,gnECL2.9,fragment
CCR7,gnECL2.Cp3,fragment
CCR7,gnECL2.Cp4,fragment
CCR7,gnECL2.Cp5,fragment
CCR7,gnECL2.Cp6,fragment
CCR7,gnECL2.Cp7,fragment
CCR8,gnECL2.1,motif
CCR8,gnECL2.10,motif
CCR8,gnECL2.2,motif
CCR8,gnECL2.3,motif
CCR8,gnECL2.4,motif
CCR8,gnECL2.5,motif
CCR8,gnECL2.6,motif
CCR8,gnECL2.7,motif
CCR8,gnECL2.8,motif
CCR8,gnECL2.9,motif
CCR8,gnECL2.Cp3,fragment
CCR8,gnECL2.Cp4,fragment
CCR8,gnECL2.Cp5,fragment
CCR8,gnECL2.Cp6,motif
CCR9,gnECL2.1,fragment
CCR9,gnECL2.10,fragment
CCR9,gnECL2.2,fragment
CCR9,gnECL2.3,fragment
CCR9,gnECL2.4,fragment
CCR9,gnECL2.5,fragment
CCR9,gnECL2.6,fragment
CCR9,gnECL2.7,fragment
CCR9,gnECL2.8,fragment
CCR9,gnECL2.9,fragment
CCR9,gnECL2.Cp10,fragment
CCR9,gnECL2.Cp3,motif
CCR9,gnECL2.Cp4,fragment
CCR9,gnECL2.Cp5,fragment
CCR9,gnECL2.Cp6,fragment
CCR9,gnECL2.Cp7,fragment
CCR9,gnECL2.Cp8,fragment
CCR9,gnECL2.Cp9,fragment
CCRL2,gnECL2.1,motif
CCRL2,gnECL2.10,fragment
CCRL2,gnECL2.2,fragment
CCRL2,gnECL2.3,fragment
CCRL2,gnECL2.4,fragment
CCRL2,gnECL2.5,fragment
CCRL2,gnECL2.6,fragment
CCRL2,gnECL2.7,fragment
CCRL2,gnECL2.8,fragment
CCRL2,gnECL2.9,fragment
CCRL2,gnECL2.Cp10,motif
CCRL2,gnECL2.Cp3,fragment
CCRL2,gnECL2.Cp4,fragment
CCRL2,gnECL2.Cp5,fragment
CCRL2,gnECL2.Cp6,fragment
CCRL2,gnECL2.Cp7,fragment
CCRL2,gnECL2.Cp8,fragment
CCRL2,gnECL2.Cp9,motif
CX3CR1,gnECL2.1,fragment
CX3CR1,gnECL2.2,fragment
CX3CR1,gnECL2.3,fragment
CX3CR1,gnECL2.4,fragment
CX3CR1,gnECL2.5,fragment
CX3CR1,gnECL2.6,fragment
CX3CR1,gnECL2.Cp3,motif
CX3CR1,gnECL2.Cp4,motif
CX3CR1,gnECL2.Cp5,motif
CX3CR1,gnECL2.Cp6,motif
CX3CR1,gnECL2.Cp7,motif
CX3CR1,gnECL2.Cp8,motif
CXCR1,gnECL2.1,motif
CXCR1,gnECL2.10,motif
CXCR1,gnECL2.11,motif
CXCR1,gnECL2.2,motif
CXCR1,gnECL2.3,motif
CXCR1,gnECL2.4,fragment
CXCR1,gnECL2.5,fragment
CXCR1,gnECL2.6,fragment
CXCR1,gnECL2.7,motif
CXCR1,gnECL2.8,motif
CXCR1,gnECL2.9,motif
CXCR1,gnECL2.Cp3,motif
CXCR1,gnECL2.Cp4,motif
CXCR1,gnECL2.Cp5,motif
CXCR1,gnECL2.Cp6,motif
CXCR1,gnECL2.Cp7,motif
CXCR2,gnECL2.1,fragment
CXCR2,gnECL2.10,fragment
CXCR2,gnECL2.11,fragment
CXCR2,gnECL2.2,fragment
CXCR2,gnECL2.3,fragment
CXCR2,gnECL2.4,fragment
CXCR2,gnECL2.5,fragment
CXCR2,gnECL2.6,fragment
CXCR2,gnECL2.7,fragment
CXCR2,gnECL2.8,fragment
CXCR2,gnECL2.9,fragment
CXCR2,gnECL2.Cp3,motif
CXCR2,gnECL2.Cp4,motif
CXCR2,gnECL2.Cp5,motif
CXCR2,gnECL2.Cp6,motif
CXCR2,gnECL2.Cp7,fragment
CXCR2,gnECL2.Cp8,fragment
CXCR2,gnECL2.Cp9,fragment
CXCR3,gnECL2.1,fragment
CXCR3,gnECL2.10,motif
CXCR3,gnECL2.11,motif
CXCR3,gnECL2.12,motif
CXCR3,gnECL2.2,fragment
CXCR3,gnECL2.3,fragment
CXCR3,gnECL2.4,fragment
CXCR3,gnECL2.5,fragment
CXCR3,gnECL2.6,fragment
CXCR3,gnECL2.7,fragment
CXCR3,gnECL2.8,fragment
CXCR3,gnECL2.9,motif
CXCR3,gnECL2.Cp3,motif
CXCR3,gnECL2.Cp4,motif
CXCR3,gnECL2.Cp5,motif
CXCR4,gnECL2.1,fragment
CXCR4,gnECL2.10,fragment
CXCR4,gnECL2.2,fragment
CXCR4,gnECL2.3,fragment
CXCR4,gnECL2.4,fragment
CXCR4,gnECL2.5,fragment
CXCR4,gnECL2.6,fragment
CXCR4,gnECL2.7,fragment
CXCR4,gnECL2.8,fragment
CXCR4,gnECL2.9,fragment
CXCR4,gnECL2.Cp3,motif
CXCR4,gnECL2.Cp4,fragment
CXCR4,gnECL2.Cp5,fragment
CXCR4,gnECL2.Cp6,fragment
CXCR5,gnECL2.1,motif
CXCR5,gnECL2.10,fragment
CXCR5,gnECL2.11,fragment
CXCR5,gnECL2.12,fragment
CXCR5,gnECL2.13,fragment
CXCR5,gnECL2.2,fragment
CXCR5,gnECL2.3,fragment
CXCR5,gnECL2.4,fragment
CXCR5,gnECL2.5,fragment
CXCR5,gnECL2.6,fragment
CXCR5,gnECL2.7,fragment
CXCR5,gnECL2.8,fragment
CXCR5,gnECL2.9,fragment
CXCR5,gnECL2.Cp3,motif
CXCR5,gnECL2.Cp4,motif
CXCR5,gnECL2.Cp5,fragment
CXCR5,gnECL2.Cp6,fragment
CXCR5,gnECL2.Cp7,fragment
CXCR5,gnECL2.Cp8,fragment
CXCR5,gnECL2.Cp9,fragment
CXCR6,gnECL2.1,fragment
CXCR6,gnECL2.2,fragment
CXCR6,gnECL2.3,fragment
CXCR6,gnECL2.4,fragment
CXCR6,gnECL2.5,fragment
CXCR6,gnECL2.6,fragment
CXCR6,gnECL2.7,fragment
CXCR6,gnECL2.8,fragment
CXCR6,gnECL2.9,fragment
CXCR6,gnECL2.Cp3,fragment
CXCR6,gnECL2.Cp4,fragment
CXCR6,gnECL2.Cp5,fragment
XXCR1,gnECL2.1,fragment
XXCR1,gnECL2.2,fragment
XXCR1,gnECL2.3,fragment
XXCR1,gnECL2.4,fragment
XXCR1,gnECL2.5,fragment
XXCR1,gnECL2.6,fragment
XXCR1,gnECL2.Cp3,fragment
XXCR1,gnECL2.Cp4,fragment
XXCR1,gnECL2.Cp5,fragment
XXCR1,gnECL2.Cp6,fragment
