source_gnccn,target_gnccn,no_pdb,type
NTc.Cm9,3x33,2,specific
NTc.Cm8,3x29,3,specific
NTc.Cm8,3x33,2,specific
NTc.Cm8,4x65,2,specific
NTc.Cm8,45x52,2,specific
NTc.Cm2,1x24,3,specific
cxb1.1,7x27,6,consensus
b1b2.6,45x52,2,specific
b1b2.9,45x52,2,specific
b1b2.9,5x36,1,specific
b1b2.10,5x36,2,specific
b1b2.10,6x58,2,specific
b1b2.16,ECL2.Cp6,2,specific
NTc.Cm8,7x35,1,specific
NTc.Cm1,7x27,2,cxc
cxb1.1,6x65,1,specific
cxb1.5,6x65,1,specific
NTc.Cm8,2x63,1,specific
NTc.Cm2,45x52,1,specific
NTc.Cm1,1x24,1,specific
NTc.Cm1,6x58,1,specific
cxb1.14,NTr.Cm10,1,specific
b1b2.10,ECL2.Cp6,1,specific
NTc.Cm9,45x52,1,specific
NTc.Cm3,1x28,3,cc
NTc.Cm3,7x34,3,cxc
NTc.Cm3,6x58,2,cxc
NTc.Cm1,6x62,2,cxc
