CONECT,ca1,ca2
CONECT,2,1802
CONECT,2,1818
CONECT,14,1225
CONECT,14,1256
CONECT,14,1706
CONECT,14,1790
CONECT,14,1796
CONECT,14,1802
CONECT,21,1098
CONECT,21,2650
CONECT,28,649
CONECT,28,1069
CONECT,28,1098
CONECT,28,1110
CONECT,28,2599
CONECT,36,1796
CONECT,36,1802
CONECT,44,2569
CONECT,44,2591
CONECT,44,2599
CONECT,49,620
CONECT,57,565
CONECT,57,1748
CONECT,57,1796
CONECT,66,543
CONECT,66,556
CONECT,72,550
CONECT,84,2502
CONECT,84,2510
CONECT,84,2518
CONECT,84,2536
CONECT,112,528
CONECT,194,1739
CONECT,215,1739
CONECT,215,1757
CONECT,245,1796
CONECT,245,1802
CONECT,245,1808
CONECT,245,1863
CONECT,255,2569
CONECT,255,2591
CONECT,270,2450
CONECT,270,2502
CONECT,284,1836
CONECT,303,543
CONECT,321,1757
CONECT,367,528
CONECT,367,543
CONECT,376,528
CONECT,383,528
CONECT,383,534
CONECT,383,543
CONECT,449,1836
